client_gender,count,pop%
FEMALE,60820,50.72
MALE,58400,48.699999999999996
UNSPECIFIED,684,0.5700000000000001
GENDER DIVERSE,18,0.02
