client_gender,count,pop%
FEMALE,43171,51.300000000000004
MALE,40568,48.209999999999994
UNSPECIFIED,399,0.47000000000000003
GENDER DIVERSE,15,0.02
