client_gender,count,pop%
FEMALE,56559,50.86000000000001
MALE,54013,48.57
UNSPECIFIED,626,0.5599999999999999
GENDER DIVERSE,18,0.02
