client_gender,count,pop%
FEMALE,46676,51.190000000000005
MALE,44051,48.309999999999995
UNSPECIFIED,438,0.48
GENDER DIVERSE,15,0.02
