client_gender,count,pop%
FEMALE,54962,50.949999999999996
MALE,52315,48.49
UNSPECIFIED,588,0.5499999999999999
GENDER DIVERSE,18,0.02
