client_gender,count,pop%
FEMALE,51486,51.080000000000005
MALE,48754,48.370000000000005
UNSPECIFIED,533,0.53
GENDER DIVERSE,17,0.02
