age_group,count,pop%
<20,2982,0.26986425339366515
20s,2386,0.21592760180995474
30s,1971,0.1783710407239819
40s,1489,0.13475113122171944
50s,1059,0.09583710407239819
60s,637,0.05764705882352941
70s,309,0.027963800904977375
80s,154,0.013936651583710408
90+,63,0.005701357466063348
