age_group,count,pop%
20s,3540,0.21182383915749162
30s,2781,0.16640737194830063
<20,2749,0.1644925801819052
50s,2477,0.14821685016754427
40s,2360,0.14121589277166108
60s,1523,0.09113212063188128
70s,715,0.04278362853039732
80s,424,0.02537099090473911
90+,143,0.008556725706079463
