age_group,count,pop%
<20,3808,0.3137771918259723
30s,2011,0.1657053394858273
40s,1721,0.1418094924192485
20s,1490,0.12277521423862887
50s,1304,0.1074489123269611
60s,1033,0.08511865524060647
70s,540,0.044495715227422544
80s,188,0.015491100856954515
90+,41,0.0033783783783783786
