age_group,count,pop%
<20,4851,0.3209819360815192
30s,2418,0.15999470654403494
40s,2165,0.1432541520545226
20s,2005,0.1326672401243962
50s,1555,0.10289155032091576
60s,1222,0.08085753986634024
70s,620,0.041024283729239726
80s,225,0.014887844901740223
90+,52,0.003440746377291074
