age_group,count,pop%
20s,10506,0.20974665096128892
<20,9792,0.19549202419692946
30s,8061,0.16093353830182275
40s,7419,0.14811635289185252
50s,6962,0.13899259318413223
60s,4357,0.08698516640380123
70s,2000,0.03992892651081076
80s,800,0.015971570604324303
90+,192,0.0038331769450378325
