age_group,count,pop%
20s,2562,0.2956722446624351
<20,1926,0.2222735141373341
30s,1687,0.19469128678592038
40s,1000,0.1154068090017311
50s,791,0.0912867859203693
60s,400,0.04616272360069244
70s,186,0.021465666474321986
80s,82,0.00946335833814195
90+,31,0.0035776110790536643
