age_group,count,pop%
20s,10302,0.23026889291222424
<20,8267,0.1847828516506851
30s,8021,0.1792842933458504
40s,6559,0.1466058695992311
50s,5988,0.1338429558103668
60s,3439,0.07686805695254699
70s,1406,0.03142671941706341
80s,592,0.013232302912447752
90+,165,0.0036880573995842552
