age_group,count,pop%
20s,3607,0.2029368740857432
30s,3059,0.17210532238100595
<20,2611,0.1468999662428266
50s,2606,0.1466186564644987
40s,2536,0.1426803195679082
60s,1741,0.09795206481377293
70s,813,0.04574096995611567
80s,558,0.031394171261393045
90+,243,0.013671655226735682
