age_group,count,pop%
<20,1468,0.24365145228215768
20s,1290,0.21410788381742737
30s,1026,0.17029045643153526
40s,737,0.12232365145228216
50s,693,0.1150207468879668
60s,465,0.07717842323651453
70s,221,0.0366804979253112
80s,96,0.015933609958506224
90+,29,0.004813278008298756
