age_group,count,pop%
<20,2993,0.26790189760114574
20s,2454,0.219656283566058
30s,1977,0.17696025778732546
40s,1479,0.1323845327604726
50s,1077,0.09640171858216971
60s,670,0.059971356963838165
70s,309,0.02765843179377014
80s,152,0.013605442176870748
90+,61,0.005460078768349445
