age_group,count,pop%
<20,3093,0.277249910362137
20s,2423,0.21719254212979563
30s,2023,0.1813373969164575
40s,1471,0.13185729652205092
50s,981,0.08793474363571173
60s,621,0.05566511294370742
70s,333,0.02984940839010398
80s,141,0.012638938687701684
90+,70,0.00627465041233417
