age_group,count,pop%
<20,2273,0.27787286063569683
30s,1287,0.15733496332518337
20s,1212,0.14816625916870416
40s,1188,0.1452322738386308
50s,883,0.10794621026894866
60s,691,0.08447432762836186
70s,355,0.04339853300733496
80s,217,0.026528117359413204
90+,74,0.009046454767726161
