age_group,count,pop%
20s,10949,0.21058604042851922
<20,10065,0.19358375165887715
30s,8333,0.1602715750197142
40s,7731,0.1486930933010213
50s,7304,0.14048044929125075
60s,4517,0.08687707960687016
70s,2074,0.03988998519031408
80s,815,0.015675187044409823
90+,205,0.00394283845902333
