age_group,count,pop%
<20,714,0.24748700173310226
20s,572,0.19826689774696707
30s,456,0.1580589254766031
40s,370,0.12824956672443674
50s,318,0.11022530329289427
60s,250,0.08665511265164645
70s,111,0.03847487001733102
80s,62,0.02149046793760832
90+,32,0.011091854419410746
