age_group,count,pop%
<20,3023,0.26756948132412817
20s,2476,0.21915383253673215
30s,2050,0.1814480439015755
40s,1509,0.13356346255974508
50s,1058,0.09364489290139848
60s,639,0.056558682952734994
70s,330,0.029208709506107277
80s,145,0.012834129934501682
90+,68,0.0060187643830766505
