age_group,count,pop%
<20,3027,0.27950138504155125
20s,2308,0.2131117266851339
30s,1970,0.1819021237303786
40s,1412,0.13037857802400737
50s,946,0.0873499538319483
60s,631,0.058264081255771004
70s,337,0.031117266851338872
80s,129,0.011911357340720222
90+,70,0.006463527239150508
