age_group,count,pop%
<20,6346,0.20525260366129763
20s,6072,0.1963904521637881
30s,5060,0.16365871013649008
40s,4563,0.1475839316902775
50s,4201,0.13587554175561162
60s,2682,0.08674558509606055
70s,1285,0.041561549906203504
80s,555,0.01795070832524743
90+,154,0.004980917265023611
