age_group,count,pop%
<20,933,0.2602510460251046
20s,890,0.2482566248256625
30s,685,0.1910739191073919
40s,444,0.12384937238493723
50s,299,0.08340306834030684
60s,219,0.06108786610878661
70s,65,0.01813110181311018
80s,33,0.009205020920502092
90+,17,0.004741980474198048
