age_group,count,pop%
20s,2390,0.30108339632149156
<20,1726,0.21743512219702696
30s,1557,0.1961451247165533
40s,908,0.11438649533887629
50s,722,0.09095490047871001
60s,377,0.04749307130259511
70s,160,0.020156210632401108
80s,70,0.008818342151675485
90+,28,0.003527336860670194
