age_group,count,pop%
<20,729,0.2861067503924647
20s,525,0.20604395604395603
30s,455,0.17857142857142858
40s,325,0.12755102040816327
50s,231,0.09065934065934066
60s,155,0.060832025117739406
70s,70,0.027472527472527472
80s,37,0.014521193092621664
90+,21,0.008241758241758242
