age_group,count,pop%
<20,2584,0.29497716894977166
30s,1547,0.17659817351598173
20s,1471,0.16792237442922375
40s,1165,0.1329908675799087
50s,883,0.10079908675799087
60s,616,0.07031963470319634
70s,328,0.03744292237442922
80s,125,0.014269406392694063
90+,41,0.0046803652968036525
