age_group,count,pop%
20s,1483,0.28119074706105424
<20,1227,0.23265073947667805
30s,1060,0.20098596890405765
40s,632,0.11983314372392871
50s,440,0.08342813803564657
60s,275,0.05214258627227911
70s,95,0.0180128934395146
80s,45,0.008532423208191127
90+,17,0.003223359878649981
