age_group,count,pop%
20s,9805,0.209410106360258
<20,9223,0.19698005211225492
30s,7565,0.1615693477425142
40s,6896,0.1472811926017684
50s,6461,0.13799068813805476
60s,4059,0.08669001751313485
70s,1851,0.03953269830421597
80s,776,0.0165734056640041
90+,186,0.003972491563794797
