age_group,count,pop%
<20,2681,0.2977896256803288
30s,1591,0.17671887148728202
20s,1583,0.1758302787959569
40s,1190,0.13217816283461067
50s,880,0.09774519604576253
60s,590,0.06553371098522714
70s,301,0.033433300011107406
80s,137,0.015217149838942574
90+,50,0.005553704320781961
