age_group,count,pop%
<20,2847,0.26184125816242065
20s,2510,0.23084705233146327
30s,1935,0.17796376345074957
40s,1436,0.13207026579600847
50s,1047,0.09629357123149085
60s,642,0.05904534167203164
70s,260,0.023912443667800976
80s,146,0.013427756828842086
90+,50,0.004598546859192495
