age_group,count,pop%
20s,3622,0.20047600597774948
30s,3118,0.17257984170033763
50s,2652,0.14678695965019095
<20,2609,0.1444069297614435
40s,2609,0.1444069297614435
60s,1781,0.09857751701998119
70s,837,0.0463275585321304
80s,583,0.03226877732883157
90+,256,0.014169480267891736
