age_group,count,pop%
<20,816,0.27154742096505824
20s,715,0.23793677204658903
30s,561,0.18668885191347753
40s,363,0.12079866888519135
50s,260,0.08652246256239601
60s,180,0.059900166389351084
70s,63,0.020965058236272878
80s,33,0.010981697171381031
90+,14,0.004658901830282862
