age_group,count,pop%
<20,797,0.2910883856829803
20s,578,0.21110299488677867
30s,498,0.18188458728999268
40s,332,0.1212563915266618
50s,253,0.09240321402483564
60s,175,0.06391526661796933
70s,60,0.02191380569758948
80s,30,0.01095690284879474
90+,15,0.00547845142439737
