age_group,count,pop%
20s,3689,0.21546638630921092
<20,3232,0.18877402020909995
30s,2766,0.1615559838794463
40s,2391,0.13965305764850183
50s,2389,0.1395362420419368
60s,1477,0.08626832544827989
70s,737,0.043046551019216166
80s,336,0.01962502190292623
90+,104,0.006074411541381929
