age_group,count,pop%
<20,1961,0.27934472934472937
30s,1105,0.1574074074074074
20s,1088,0.15498575498575498
40s,982,0.1398860398860399
50s,728,0.1037037037037037
60s,622,0.0886039886039886
70s,302,0.04301994301994302
80s,174,0.024786324786324785
90+,58,0.008262108262108263
