age_group,count,pop%
20s,11178,0.22058649406007025
<20,9411,0.18571654102695662
30s,9017,0.17794135059399296
40s,7581,0.14960334688400362
50s,6925,0.13665785215297785
60s,4027,0.07946876110036705
70s,1667,0.03289655444606702
80s,676,0.013340174448435094
90+,192,0.0037889252871294945
