age_group,count,pop%
20s,2724,0.2908392056374119
<20,2142,0.22869955156950672
30s,1796,0.19175742045697203
40s,1083,0.11563100576553491
50s,857,0.09150117446081571
60s,435,0.046444586803331196
70s,195,0.020819987187700194
80s,95,0.010143070681187274
90+,39,0.004163997437540038
