age_group,count,pop%
20s,2721,0.2840885362288578
<20,2222,0.23198997703069535
30s,1821,0.19012319899770308
40s,1123,0.11724785967842974
50s,872,0.09104197118396325
60s,479,0.05001044059302568
70s,199,0.02077678012111088
80s,101,0.010544998955940698
90+,40,0.0041762372102735435
