age_group,count,pop%
<20,1456,0.24652895360650187
20s,1259,0.2131730443616661
30s,1000,0.16931933626820184
40s,718,0.12157128344056892
50s,661,0.1119200812732814
60s,456,0.07720961733830004
70s,222,0.037588892651540806
80s,103,0.017439891635624788
90+,31,0.005248899424314257
