age_group,count,pop%
<20,2743,0.29014173894647766
30s,1524,0.1612016077850645
40s,1379,0.14586418447218108
20s,1248,0.13200761582398984
50s,1021,0.10799661518933784
60s,799,0.08451449122064734
70s,441,0.046646921937804106
80s,220,0.023270573302305902
90+,79,0.008356251322191664
