age_group,count,pop%
20s,3513,0.21193291505791506
30s,2745,0.16560086872586874
<20,2673,0.16125723938223938
50s,2460,0.1484073359073359
40s,2341,0.14122828185328185
60s,1546,0.09326737451737452
70s,717,0.04325530888030888
80s,427,0.025760135135135136
90+,154,0.009290540540540541
