age_group,count,pop%
<20,3489,0.3082700123696766
30s,1858,0.1641632797314013
40s,1615,0.14269305531012547
20s,1386,0.12245979855098074
50s,1233,0.1089415091005478
60s,978,0.08641102668315957
70s,518,0.04576780349885139
80s,192,0.0169641279377982
90+,49,0.004329386817458915
