age_group,count,pop%
20s,12870,0.20656448118128562
<20,11400,0.18297086911162827
30s,10405,0.16700104325495546
40s,9378,0.15051761495867105
50s,9145,0.14677794719524917
60s,5545,0.08899767273894552
70s,2424,0.0389053848005778
80s,889,0.014268517775459434
90+,249,0.003996468983227671
