age_group,count,pop%
<20,637,0.2639867384997928
20s,535,0.22171570658930792
30s,405,0.16784086199751347
40s,298,0.12349772067965188
50s,235,0.09738914214670534
60s,166,0.06879403232490676
70s,82,0.03398259428097804
80s,38,0.015748031496062992
90+,17,0.007045171985080812
