age_group,count,pop%
<20,2862,0.30091473031227
20s,1723,0.18115865839554202
30s,1686,0.1772684260330144
40s,1235,0.12984964777625907
50s,891,0.09368100094627274
60s,616,0.06476711176532436
70s,302,0.03175270739144149
80s,142,0.014930080958889707
90+,54,0.005677636420986227
