age_group,count,pop%
20s,2647,0.2715150271822751
<20,2355,0.2415632372551031
30s,1799,0.18453174684583035
40s,1178,0.12083290593907067
50s,896,0.09190686224228126
60s,516,0.05292850548774233
70s,207,0.021232946968919888
80s,112,0.011488357780285157
90+,39,0.004000410298492153
