age_group,count,pop%
20s,3431,0.20484805062988834
30s,2872,0.1714729237566422
<20,2584,0.1542778673353633
50s,2460,0.14687444026509044
40s,2357,0.14072481939220252
60s,1625,0.09702071765478536
70s,763,0.04555495850498537
80s,467,0.027882261627559853
90+,190,0.011343960833482596
