age_group,count,pop%
20s,6029,0.23341979945023036
<20,5282,0.20449881915676177
30s,4692,0.18165627782724844
40s,3654,0.14146889155600295
50s,3027,0.11719385187192691
60s,1795,0.06949552828216346
70s,822,0.03182469317433892
80s,413,0.015989778930659337
90+,115,0.004452359750667854
