age_group,count,pop%
20s,2345,0.3027368964626904
<20,1685,0.21753162922798863
30s,1541,0.1989413891040537
40s,888,0.11463981409759876
50s,672,0.08675445391169635
60s,366,0.047250193648334625
70s,155,0.020010327911179963
80s,68,0.008778724502969274
90+,26,0.003356571133488252
