age_group,count,pop%
<20,2788,0.25790934320074005
20s,2530,0.23404255319148937
30s,1924,0.17798334875115635
40s,1426,0.13191489361702127
50s,1047,0.09685476410730805
60s,649,0.06003700277520814
70s,252,0.023311748381128584
80s,144,0.013320999074930619
90+,50,0.004625346901017576
