age_group,count,pop%
<20,3092,0.2839302112029385
20s,2272,0.2086317722681359
30s,1983,0.18209366391184573
40s,1383,0.12699724517906336
50s,952,0.0874196510560147
60s,644,0.05913682277318641
70s,349,0.03204775022956841
80s,141,0.012947658402203856
90+,74,0.006795224977043159
