age_group,count,pop%
<20,5847,0.20521549908746314
20s,5641,0.1979853994103608
30s,4663,0.1636599747297487
40s,4174,0.14649726238944266
50s,3831,0.13445879545135478
60s,2445,0.08581356170153026
70s,1211,0.04250315878141232
80s,531,0.018636810332724976
90+,149,0.005229538115962376
