age_group,count,pop%
<20,4902,0.20353761833582462
20s,4849,0.20133698721142668
30s,3908,0.1622654044178708
40s,3535,0.14677794386314566
50s,3234,0.13428001993024413
60s,2031,0.08432984554060788
70s,1027,0.04264241820295632
80s,475,0.01972263743564192
90+,123,0.0051071250622820126
