age_group,count,pop%
20s,12014,0.211461963600521
<20,10833,0.19067483366775795
30s,9166,0.16133347414369698
40s,8371,0.1473404442566973
50s,8094,0.1424648854155666
60s,4971,0.08749603970852254
70s,2254,0.03967331995634879
80s,894,0.01573555813707889
90+,217,0.003819481113809976
