age_group,count,pop%
20s,12540,0.21048744460856722
<20,11144,0.18705519000939977
30s,9679,0.16246475090640528
40s,8838,0.14834832818584665
50s,8521,0.14302739358130792
60s,5280,0.08862629246676514
70s,2423,0.040670739895259836
80s,926,0.01554317174701222
90+,225,0.0037766885994360145
