age_group,count,pop%
20s,12545,0.20827453389338071
<20,11038,0.18325502631447876
30s,10217,0.16962462437534243
40s,9122,0.1514452210582239
50s,8720,0.14477113874454203
60s,5242,0.08702870519482675
70s,2293,0.0380688326996829
80s,826,0.013713412913187123
90+,230,0.0038185048063353977
