age_group,count,pop%
20s,7183,0.23144090733341927
<20,6190,0.19944580487176183
30s,5520,0.17785797138806547
40s,4484,0.1444773811058126
50s,3865,0.12453280061863642
60s,2206,0.07107874726124501
70s,968,0.03118958628689264
80s,482,0.015530351849465137
90+,138,0.004446449284701637
