age_group,count,pop%
<20,770,0.2879581151832461
20s,570,0.2131637995512341
30s,477,0.17838444278234855
40s,336,0.1256544502617801
50s,234,0.087509349289454
60s,159,0.05946148092744952
70s,72,0.02692595362752431
80s,36,0.013462976813762155
90+,20,0.0074794315632011965
