age_group,count,pop%
20s,6076,0.23288616328095055
<20,5269,0.2019547719432733
30s,4745,0.1818704484476811
40s,3695,0.14162514373323112
50s,3117,0.11947106170946722
60s,1854,0.07106170946722883
70s,806,0.030893062476044463
80s,418,0.016021464162514373
90+,110,0.004216174779609045
