age_group,count,pop%
<20,6065,0.2050094645754462
20s,5797,0.1959505137912385
30s,4849,0.1639061654948621
40s,4361,0.14741076257436453
50s,4007,0.1354448350459708
60s,2572,0.08693888588426177
70s,1249,0.042218766901027584
80s,538,0.01818550567874527
90+,146,0.004935100054083289
