age_group,count,pop%
<20,5125,0.320934310226063
30s,2540,0.15905817521447804
40s,2308,0.1445300269271714
20s,2184,0.1367649821529213
50s,1631,0.10213538731291878
60s,1253,0.07846452501722087
70s,649,0.04064124240716388
80s,224,0.014027177656709876
90+,55,0.003444173085352871
