age_group,count,pop%
<20,975,0.24980784012298232
20s,781,0.20010248526774277
30s,601,0.15398411478349988
40s,486,0.1245196003074558
50s,458,0.11734563156546246
60s,323,0.0827568537022803
70s,155,0.03971304125032027
80s,87,0.022290545734050732
90+,37,0.009479887266205482
