age_group,count,pop%
<20,4071,0.31666148102053515
30s,2123,0.16513690105787182
40s,1828,0.14219041692594897
20s,1617,0.1257778469197262
50s,1373,0.10679838207840697
60s,1054,0.08198506533914125
70s,552,0.042937149968886125
80s,195,0.015168014934660858
90+,43,0.003344741754822651
