age_group,count,pop%
<20,2886,0.2924901185770751
20s,1937,0.1963109354413702
30s,1830,0.18546670720583763
40s,1246,0.1262795175838654
50s,875,0.08867943650552346
60s,606,0.06141684402553968
70s,300,0.030404378230465188
80s,128,0.012972534711665146
90+,59,0.005979527718658153
