age_group,count,pop%
<20,7429,0.2055617044825678
20s,7225,0.19991698948533482
30s,5851,0.16189817376867738
40s,5261,0.1455727725511898
50s,4950,0.13696734919756504
60s,3146,0.08705035971223021
70s,1458,0.04034311012728279
80s,639,0.017681239623685667
90+,181,0.005008301051466519
