age_group,count,pop%
20s,10520,0.22803632974226692
<20,8460,0.18338282791060628
30s,8268,0.1792209481282379
40s,6831,0.14807187913207465
50s,6243,0.13532612229857152
60s,3588,0.0777751284330089
70s,1456,0.03156092168296014
80s,595,0.012897492033901978
90+,172,0.0037283506383716646
