age_group,count,pop%
<20,2130,0.2757281553398058
30s,1225,0.15857605177993528
20s,1186,0.15352750809061488
40s,1104,0.1429126213592233
50s,806,0.10433656957928802
60s,660,0.0854368932038835
70s,333,0.04310679611650486
80s,213,0.027572815533980582
90+,68,0.008802588996763753
