age_group,count,pop%
20s,3469,0.21121529469069655
30s,2747,0.1672552362396493
<20,2605,0.15860935216755967
50s,2435,0.1482586458840721
40s,2297,0.13985630784218217
60s,1566,0.09534827082318559
70s,709,0.0431685338528982
80s,435,0.026485630784218218
90+,161,0.009802727715538237
