age_group,count,pop%
<20,4647,0.20357471415429096
20s,4643,0.2033994830682963
30s,3684,0.16138783020107766
40s,3323,0.14557322469006
50s,3028,0.13264993209795417
60s,1940,0.08498707670740789
70s,985,0.043150654926183904
80s,454,0.019888728260393392
90+,123,0.005388355894335655
