age_group,count,pop%
20s,12919,0.20506349206349206
<20,11616,0.18438095238095237
30s,10386,0.16485714285714287
40s,9485,0.15055555555555555
50s,9324,0.148
60s,5622,0.08923809523809524
70s,2492,0.03955555555555555
80s,907,0.014396825396825397
90+,249,0.003952380952380952
