age_group,count,pop%
<20,3023,0.2674747832242081
20s,2456,0.21730667138559548
30s,2060,0.18226862502212
40s,1524,0.13484339055034508
50s,1065,0.09423110953813485
60s,633,0.05600778623252522
70s,326,0.028844452309325783
80s,150,0.013271987258892231
90+,65,0.0057511944788533
