age_group,count,pop%
20s,4476,0.19726751873071838
30s,3802,0.16756280299691495
50s,3434,0.15134420449537242
40s,3300,0.14543851917144116
<20,2986,0.13159982371088585
60s,2267,0.0999118554429264
70s,1109,0.04887615689731159
80s,870,0.038342882327016305
90s,446,0.019656236227412957
