age_group,count,pop%
20s,10948,0.22371620655128022
<20,9053,0.18499295011954145
30s,8643,0.1766148313137299
40s,7302,0.1492122524878926
50s,6681,0.13652246766250486
60s,3862,0.07891779226352248
70s,1607,0.03283813883155894
80s,652,0.013323252344851544
90+,189,0.003862108425118009
