age_group,count,pop%
<20,1998,0.24494299374770137
20s,1681,0.20608066691185484
30s,1433,0.1756773323525806
40s,1043,0.12786563687630256
50s,939,0.11511585141596176
60s,600,0.07355645457888929
70s,281,0.034448939561113154
80s,138,0.016917984553144538
90+,44,0.005394140002451882
