age_group,count,pop%
20s,11472,0.22071300767647228
<20,9588,0.18446620620659138
30s,9190,0.17680897319968447
40s,7765,0.14939300075033188
50s,7190,0.13833041537603172
60s,4174,0.08030475017796333
70s,1713,0.032956884775958595
80s,689,0.01325586317024838
90+,196,0.0037708986667179716
