age_group,count,pop%
<20,3053,0.2912334255461223
20s,2148,0.2049031765715921
30s,1909,0.18210435943909187
40s,1325,0.12639511590193647
50s,912,0.08699799675665362
60s,622,0.059334160068682626
70s,317,0.030239435276161405
80s,132,0.012591815320041973
90+,65,0.006200515119717638
