age_group,count,pop%
<20,2377,0.2777518111708343
30s,1348,0.15751343771909324
20s,1260,0.14723066136947885
40s,1234,0.14419256835709277
50s,915,0.1069175040897406
60s,727,0.08494975461556438
70s,381,0.04451974760458051
80s,231,0.02699228791773779
90+,85,0.009932227155877542
