age_group,count,pop%
<20,651,0.2685643564356436
20s,531,0.21905940594059406
30s,418,0.17244224422442245
40s,295,0.1216996699669967
50s,234,0.09653465346534654
60s,165,0.06806930693069307
70s,73,0.030115511551155116
80s,40,0.0165016501650165
90+,17,0.007013201320132013
