age_group,count,pop%
20s,13370,0.20613629355535
<20,11878,0.18313290163428925
30s,10705,0.16504779525131053
40s,9763,0.15052420598211533
50s,9514,0.14668516805427073
60s,5806,0.08951588035769349
70s,2637,0.0406567992599445
80s,939,0.014477335800185015
90+,248,0.0038236201048411963
