age_group,count,pop%
20s,6912,0.2334583037795116
<20,5914,0.19975005910764346
30s,5302,0.17907927179383254
40s,4216,0.14239875705069746
50s,3637,0.12284257101361165
60s,2124,0.07173979126557908
70s,918,0.031006180970716384
80s,458,0.015469314689093796
90+,126,0.0042557503293140135
