age_group,count,pop%
20s,1775,0.293291473892928
<20,1340,0.22141440846001323
30s,1228,0.2029081295439524
40s,716,0.11830799735624586
50s,503,0.08311302048909451
60s,296,0.048909451421017845
70s,115,0.01900198281559815
80s,57,0.009418374091209518
90+,22,0.0036351619299405157
