age_group,count,pop%
<20,1089,0.24335195530726256
20s,939,0.20983240223463687
30s,699,0.15620111731843575
40s,560,0.12513966480446928
50s,545,0.1217877094972067
60s,367,0.08201117318435754
70s,166,0.03709497206703911
80s,88,0.019664804469273742
90+,22,0.004916201117318436
