age_group,count,pop%
20s,8872,0.23220875755751563
<20,7295,0.19093359855523856
30s,6822,0.1785536681759887
40s,5611,0.1468579056193891
50s,4901,0.12827492344334807
60s,2806,0.07344203941686078
70s,1200,0.0314078571989426
80s,551,0.014421441097181145
90+,149,0.003899808935535373
