age_group,count,pop%
<20,1191,0.24491054904380014
20s,1032,0.2122146822948797
30s,775,0.15936664610322845
40s,594,0.12214682294879704
50s,585,0.1202961135101789
60s,391,0.08040304338885462
70s,187,0.03845362944684351
80s,88,0.018095825622044006
90+,20,0.004112687641373638
