age_group,count,pop%
20s,1592,0.28607367475292006
<20,1261,0.2265947888589398
30s,1127,0.20251572327044026
40s,665,0.11949685534591195
50s,461,0.08283917340521114
60s,285,0.05121293800539083
70s,105,0.018867924528301886
80s,52,0.009344115004492363
90+,17,0.003054806828391734
