age_group,count,pop%
<20,1568,0.2449234614183068
20s,1343,0.2097781943142768
30s,1093,0.17072789753202125
40s,796,0.12433614495470166
50s,732,0.11433926897844424
60s,499,0.07794439237738207
70s,233,0.036394876601062165
80s,107,0.016713527022805375
90+,31,0.004842236800999687
