age_group,count,pop%
20s,6369,0.23279359625717314
<20,5519,0.20172520925472423
30s,4993,0.1824993603567382
40s,3887,0.1420739062100223
50s,3249,0.11875434043641946
60s,1936,0.07076282027851895
70s,852,0.031141489089513506
80s,438,0.016009357067144268
90+,116,0.00423992104974597
