age_group,count,pop%
20s,3738,0.21346582148363885
<20,3411,0.19479184512592085
30s,2854,0.1629832676603278
50s,2407,0.13745645594197933
40s,2407,0.13745645594197933
60s,1508,0.08611729769858946
70s,752,0.04294443492661756
80s,338,0.019302152932442463
90+,96,0.005482268288504369
