age_group,count,pop%
20s,1377,0.27490517069275305
<20,1194,0.23837093232182072
30s,995,0.19864244360151728
40s,605,0.12078259133559592
50s,421,0.08404871231782791
60s,266,0.05310441205829507
70s,90,0.017967658215212616
80s,43,0.008584547813934917
90+,18,0.0035935316430425234
