age_group,count,pop%
20s,3542,0.20602605863192183
30s,2908,0.16914844113541183
<20,2636,0.15332712889716146
50s,2507,0.1458236389018148
40s,2452,0.142624476500698
60s,1659,0.09649837133550489
70s,770,0.04478827361563518
80s,509,0.02960679385760819
90+,209,0.012156817124243834
