age_group,count,pop%
<20,3006,0.26533674640303645
20s,2512,0.2217318386441875
30s,2002,0.17671462618059847
40s,1495,0.13196222084914822
50s,1085,0.09577191279018449
60s,700,0.061788330832377086
70s,310,0.027363403654338425
80s,160,0.014123047047400477
90+,59,0.005207873598728926
