age_group,count,pop%
20s,3574,0.21726443768996961
<20,3006,0.1827355623100304
30s,2711,0.16480243161094224
50s,2339,0.1421884498480243
40s,2244,0.13641337386018237
60s,1437,0.08735562310030395
70s,690,0.041945288753799395
80s,340,0.02066869300911854
90+,109,0.006626139817629179
