age_group,count,pop%
<20,2898,0.29222547141272565
30s,1594,0.16073409297166483
40s,1455,0.14671775738630635
20s,1299,0.13098719370777454
50s,1101,0.111021478269638
60s,849,0.08561056771200969
70s,447,0.045074115155793085
80s,207,0.02087324795805183
90+,67,0.0067560754260361
