age_group,count,pop%
<20,614,0.2470824949698189
20s,531,0.213682092555332
30s,413,0.16619718309859155
40s,317,0.12756539235412476
50s,266,0.10704225352112676
60s,189,0.07605633802816901
70s,95,0.03822937625754527
80s,41,0.016498993963782696
90+,19,0.007645875251509054
