age_group,count,pop%
<20,1543,0.24609250398724083
20s,1318,0.210207336523126
30s,1064,0.1696969696969697
40s,776,0.12376395534290272
50s,721,0.11499202551834131
60s,482,0.07687400318979266
70s,232,0.03700159489633174
80s,102,0.016267942583732056
90+,32,0.005103668261562998
