age_group,count,pop%
20s,2084,0.2994683144129904
<20,1536,0.2207213680126455
30s,1384,0.19887914930306078
40s,811,0.11653973272021842
50s,596,0.08564448915074005
60s,326,0.04684581117976721
70s,135,0.01939933898548642
80s,62,0.008909326052593763
90+,25,0.0035924701824974854
