age_group,count,pop%
<20,804,0.28490432317505315
20s,605,0.21438695960311835
30s,526,0.18639262934089298
40s,346,0.12260807937632884
50s,255,0.09036144578313253
60s,179,0.0634301913536499
70s,62,0.021970233876683204
80s,31,0.010985116938341602
90+,14,0.004961020552799433
