age_group,count,pop%
<20,1343,0.24865765598963155
20s,1130,0.2092205147194964
30s,900,0.1666358081836697
40s,653,0.12090353638215146
50s,624,0.11553416034067765
60s,426,0.07887428254027032
70s,199,0.03684502869838919
80s,98,0.01814478800222181
90+,28,0.0051842251434919455
