age_group,count,pop%
20s,3704,0.20981080774895208
<20,3505,0.1985385748272346
30s,2865,0.16228616744080662
40s,2472,0.14002492353007817
50s,2374,0.13447377364903138
60s,1525,0.08638268947547298
70s,752,0.04259657867905291
80s,361,0.020448623541407047
90+,96,0.0054378611079642005
