age_group,count,pop%
<20,2167,0.2434284430465064
20s,1818,0.20422376993933947
30s,1563,0.17557852168052124
40s,1166,0.13098180184228264
50s,1041,0.11694001348011683
60s,660,0.07414064255223546
70s,297,0.033363289148505955
80s,145,0.016288474500112334
90+,45,0.00505504381037969
