age_group,count,pop%
<20,973,0.2585015940488842
20s,950,0.25239107332624866
30s,726,0.19287991498405951
40s,454,0.1206163655685441
50s,317,0.08421891604675877
60s,223,0.05924548352816153
70s,70,0.018597236981934114
80s,32,0.008501594048884165
90+,19,0.005047821466524973
