age_group,count,pop%
20s,2401,0.29997501249375313
<20,1762,0.2201399300349825
30s,1572,0.19640179910044978
40s,913,0.1140679660169915
50s,720,0.08995502248875563
60s,369,0.046101949025487254
70s,163,0.0203648175912044
80s,76,0.009495252373813094
90+,28,0.0034982508745627187
