age_group,count,pop%
<20,2671,0.29704181494661924
30s,1579,0.17560053380782917
20s,1576,0.17526690391459074
40s,1188,0.13211743772241993
50s,897,0.09975533807829182
60s,583,0.06483540925266904
70s,314,0.034919928825622774
80s,135,0.015013345195729538
90+,49,0.005449288256227758
