age_group,count,pop%
<20,782,0.28781744571218254
20s,569,0.20942215679057785
30s,488,0.17960986382039013
40s,337,0.12403386087596614
50s,249,0.0916451969083548
60s,164,0.060360691939639305
70s,73,0.02686786897313213
80s,34,0.012513801987486198
90+,21,0.007729112992270887
