age_group,count,pop%
20s,8698,0.23382348987876017
<20,7169,0.19272023441490363
30s,6640,0.17849942202747385
40s,5388,0.14484260329578752
50s,4719,0.126858248877658
60s,2716,0.07301271539557515
70s,1174,0.03155998817172505
80s,543,0.014597166590499745
90+,152,0.004086131347616872
