age_group,count,pop%
<20,632,0.2559740785743216
20s,541,0.21911705143782909
30s,423,0.17132442284325639
40s,315,0.1275820170109356
50s,245,0.09923045767517213
60s,172,0.06966383151073309
70s,82,0.03321182665046578
80s,39,0.015795868772782502
90+,20,0.008100445524503848
