age_group,count,pop%
20s,9936,0.23041602894114374
<20,8080,0.18737535364778998
30s,7692,0.17837762626965353
40s,6316,0.1464681601038913
50s,5735,0.13299475905570243
60s,3265,0.07571541208663791
70s,1346,0.03121376559528779
80s,585,0.013566161124252123
90+,167,0.003872733175641204
