age_group,count,pop%
<20,688,0.2437987243090007
20s,564,0.1998582565556343
30s,447,0.15839829907866762
40s,353,0.12508858965272857
50s,321,0.11374911410347271
60s,250,0.0885896527285613
70s,108,0.03827072997873848
80s,58,0.020552799433026223
90+,33,0.011693834160170093
