age_group,count,pop%
20s,4266,0.20789473684210527
<20,4093,0.19946393762183237
30s,3325,0.16203703703703703
40s,2926,0.1425925925925926
50s,2748,0.13391812865497077
60s,1740,0.0847953216374269
70s,880,0.042884990253411304
80s,434,0.02115009746588694
90+,108,0.005263157894736842
