age_group,count,pop%
20s,13415,0.20698646834642268
<20,11840,0.18268503803366712
30s,10637,0.164123374118591
40s,9755,0.15051457314344788
50s,9502,0.14661091481384333
60s,5843,0.09015444909043217
70s,2638,0.04070296708892009
80s,944,0.014565428708089675
90+,237,0.0036567866565860732
