age_group,count,pop%
20s,2756,0.25168949771689497
<20,2678,0.2445662100456621
30s,2030,0.18538812785388128
40s,1381,0.12611872146118722
50s,1038,0.09479452054794521
60s,644,0.058812785388127856
70s,243,0.02219178082191781
80s,134,0.01223744292237443
90+,46,0.004200913242009132
