age_group,count,pop%
<20,5144,0.2055955235811351
20s,4998,0.19976019184652277
30s,4089,0.1634292565947242
40s,3660,0.14628297362110312
50s,3322,0.13277378097521983
60s,2108,0.08425259792166268
70s,1071,0.04280575539568345
80s,495,0.019784172661870502
90+,133,0.005315747402078338
