age_group,count,pop%
<20,2493,0.27923387096774194
30s,1401,0.1569220430107527
20s,1292,0.1447132616487455
40s,1289,0.14437724014336917
50s,955,0.10696684587813621
60s,760,0.08512544802867383
70s,406,0.04547491039426523
80s,244,0.027329749103942653
90+,88,0.00985663082437276
