age_group,count,pop%
20s,5320,0.23163669612922888
<20,4795,0.20877781164279183
30s,4138,0.18017155048547917
40s,3248,0.14142029868942396
50s,2654,0.11555710367048373
60s,1617,0.07040536421822616
70s,721,0.031392868028040234
80s,375,0.01632777463316933
90+,99,0.004310532503156703
