age_group,count,pop%
20s,3815,0.2124756335282651
<20,3531,0.19665831244778614
30s,2954,0.1645224171539961
40s,2464,0.13723196881091618
50s,2425,0.13505987190197716
60s,1554,0.08654970760233918
70s,768,0.04277360066833751
80s,349,0.019437482595377333
90+,95,0.005291005291005291
