age_group,count,pop%
20s,8349,0.2055492638731597
<20,8184,0.20148702545669409
30s,6593,0.16231719927125904
40s,5918,0.14569895120389975
50s,5574,0.13722979959623813
60s,3499,0.08614407405583731
70s,1599,0.03936678319956669
80s,712,0.017529174257718255
90+,190,0.004677729085627062
