age_group,count,pop%
20s,2725,0.2554128784328428
<20,2631,0.24660230574561814
30s,1977,0.18530321492173588
40s,1311,0.12287937013778236
50s,1011,0.0947605211360015
60s,613,0.05745618146030556
70s,235,0.022026431718061675
80s,122,0.01143499859405755
90+,44,0.004124097853594526
