age_group,count,pop%
20s,3584,0.21463648341118696
<20,3126,0.18720804886812792
30s,2724,0.16313330937836867
50s,2370,0.14193316564858066
40s,2327,0.13935800694693976
60s,1426,0.08539944903581267
70s,712,0.042639837106240266
80s,327,0.019583183614804166
90+,102,0.006108515989938915
