age_group,count,pop%
<20,775,0.24325172630257377
20s,623,0.19554300062774638
30s,497,0.15599497802887632
40s,417,0.13088512241054615
50s,367,0.11519146264908976
60s,283,0.08882611424984306
70s,121,0.03797865662272442
80s,70,0.02197112366603892
90+,33,0.010357815442561206
