age_group,count,pop%
<20,2391,0.29126568400535996
30s,1405,0.17115361188938968
20s,1316,0.16031185284443902
40s,1129,0.13753197709830672
50s,860,0.10476306492873676
60s,600,0.07309051041539773
70s,343,0.0417834084541357
80s,126,0.015349007187233523
90+,39,0.004750883177000852
