age_group,count,pop%
<20,1290,0.2492753623188406
20s,1095,0.21159420289855072
30s,837,0.1617391304347826
40s,623,0.1203864734299517
50s,618,0.11942028985507247
60s,409,0.07903381642512078
70s,188,0.03632850241545894
80s,91,0.017584541062801932
90+,24,0.00463768115942029
