age_group,count,pop%
<20,2999,0.28088414348599794
20s,2253,0.21101432986794044
30s,1963,0.18385314226842747
40s,1361,0.12747026318254193
50s,930,0.08710311885361056
60s,640,0.059941931254097594
70s,329,0.030813899035309542
80s,133,0.012456682588742156
90+,69,0.006462489463332397
