age_group,count,pop%
20s,3967,0.2100275307073274
<20,3759,0.19901524777636595
30s,3077,0.1629076662431173
40s,2643,0.13993011435832275
50s,2530,0.13394747988140618
60s,1617,0.08560991105463786
70s,803,0.042513765353663704
80s,388,0.020542143159678103
90+,104,0.005506141465480729
