age_group,count,pop%
20s,4479,0.20570405070267292
<20,4427,0.20331588132635253
30s,3509,0.16115550656746577
40s,3142,0.1443005419307431
50s,2857,0.131211536695141
60s,1831,0.08409111784697346
70s,963,0.04422705979608708
80s,453,0.020804629374483328
90+,113,0.00518967576008083
