age_group,count,pop%
20s,4914,0.1968907765045276
30s,4075,0.16327430082538666
50s,3847,0.1541389534417822
40s,3620,0.14504367337126373
<20,3294,0.1319817293052328
60s,2440,0.09776424392980207
70s,1231,0.04932286240884686
80s,1027,0.041149130539306036
90s,510,0.020434329673852072
