age_group,count,pop%
<20,2722,0.3002757859900717
30s,1611,0.1777164920022063
20s,1600,0.1765030336458908
40s,1183,0.1305019305019305
50s,870,0.09597352454495311
60s,591,0.06519580805295092
70s,291,0.03210148924434639
80s,143,0.015774958632101488
90+,54,0.005956977385548814
