age_group,count,pop%
<20,2621,0.29495836146747695
30s,1573,0.17702003151024082
20s,1516,0.17060544677020031
40s,1181,0.13290569435066396
50s,873,0.09824442943956786
60s,624,0.07022282241728561
70s,327,0.036799459824442944
80s,127,0.01429214494710781
90+,44,0.00495160927301373
