age_group,count,pop%
20s,8890,0.20674418604651162
<20,8589,0.19974418604651162
30s,6986,0.16246511627906976
40s,6315,0.14686046511627907
50s,5892,0.1370232558139535
60s,3717,0.08644186046511627
70s,1689,0.03927906976744186
80s,734,0.017069767441860464
90+,188,0.004372093023255814
