age_group,count,pop%
<20,1757,0.24708198565602588
20s,1486,0.2089720151877373
30s,1212,0.17044016312754887
40s,896,0.1260019687807622
50s,818,0.1150330473913655
60s,543,0.0763605681338771
70s,249,0.035016172127689496
80s,113,0.015890873294895233
90+,37,0.005203206300098439
