age_group,count,pop%
<20,887,0.25007048209754723
20s,666,0.1877643078658021
30s,566,0.1595714688469129
40s,458,0.12912320270651254
50s,411,0.11587256836763463
60s,304,0.08570623061742318
70s,136,0.03834226106568932
80s,84,0.02368198477586693
90+,35,0.00986749365661122
