age_group,count,pop%
<20,3008,0.2725131364377605
20s,2379,0.21552817539409314
30s,1951,0.17675303497010328
40s,1479,0.1339916651567313
50s,1059,0.0959412937126291
60s,636,0.057619133901069035
70s,314,0.028447182460590685
80s,148,0.013408226127921726
90+,64,0.005798151839101286
