age_group,count,pop%
<20,2350,0.28866232649551654
30s,1370,0.16828399459525856
20s,1288,0.1582115219260533
40s,1123,0.1379437415550915
50s,865,0.10625230315686034
60s,626,0.07689473037710355
70s,343,0.04213241616509028
80s,131,0.016091389264218155
90+,45,0.005527576464807763
