age_group,count,pop%
<20,2818,0.22594611930724823
20s,2764,0.22161642078255292
30s,2215,0.1775978191148172
40s,1716,0.1375881975625401
50s,1437,0.11521808851828096
60s,885,0.0709589480436177
70s,403,0.03231237973059654
80s,183,0.014672867222578576
90+,51,0.0040891597177678
