age_group,count,pop%
<20,645,0.25116822429906543
20s,541,0.21066978193146418
30s,417,0.16238317757009346
40s,329,0.1281152647975078
50s,273,0.10630841121495327
60s,200,0.0778816199376947
70s,103,0.04010903426791277
80s,40,0.01557632398753894
90+,20,0.00778816199376947
