age_group,count,pop%
20s,12696,0.2084147282367812
<20,11387,0.18692647372654594
30s,9928,0.1629758523893166
40s,9102,0.1494164190620024
50s,8763,0.14385147003299573
60s,5386,0.08841538486793506
70s,2498,0.04100661555887519
80s,935,0.015348753221596598
90+,222,0.003644302903951278
