age_group,count,pop%
20s,2716,0.2616822429906542
<20,2536,0.24433953174679643
30s,1914,0.18441082955968782
40s,1276,0.12294055303979189
50s,968,0.09326524713363522
60s,582,0.056074766355140186
70s,225,0.021678389054822236
80s,120,0.011561807495905194
90+,42,0.004046632623566818
