age_group,count,pop%
<20,2992,0.26307922272047835
20s,2545,0.22377560889826784
30s,2035,0.17893255957091356
40s,1519,0.13356194495735513
50s,1099,0.0966323749230634
60s,684,0.060142442627275125
70s,285,0.02505935109469797
80s,158,0.013892552536709752
90+,56,0.004923942671238899
