age_group,count,pop%
<20,2910,0.2961832061068702
20s,1852,0.18849872773536896
30s,1779,0.18106870229007632
40s,1256,0.12783715012722646
50s,903,0.09190839694656489
60s,634,0.064529262086514
70s,310,0.03155216284987277
80s,129,0.013129770992366412
90+,52,0.005292620865139949
