age_group,count,pop%
<20,671,0.25474563401670464
20s,553,0.2099468488990129
30s,424,0.1609719058466211
40s,332,0.126044039483675
50s,279,0.10592255125284739
60s,207,0.0785876993166287
70s,102,0.0387243735763098
80s,45,0.017084282460136675
90+,21,0.007972665148063782
