age_group,count,pop%
<20,3048,0.2857142857142857
20s,2237,0.20969253843269592
30s,1936,0.18147731533558306
40s,1355,0.12701537307836522
50s,930,0.08717660292463442
60s,626,0.05868016497937758
70s,332,0.031121109861267343
80s,136,0.01274840644919385
90+,68,0.006374203224596925
