age_group,count,pop%
<20,6961,0.2062335199834089
20s,6707,0.19870826296921756
30s,5479,0.16232631173525316
40s,4899,0.14514265398631232
50s,4601,0.136313809142891
60s,2964,0.08781441649631144
70s,1369,0.04055935768672414
80s,603,0.017865078659674696
90+,170,0.005036589340206796
