age_group,count,pop%
20s,12302,0.20953127129036653
<20,10872,0.18517509197438342
30s,10068,0.1714811282191034
40s,8888,0.15138302221011038
50s,8457,0.1440421038288595
60s,4990,0.08499114320752146
70s,2126,0.03621065540264341
80s,780,0.013285188717808967
90+,229,0.003900395149202889
