age_group,count,pop%
20s,8924,0.23220233139050792
<20,7286,0.18958159866777685
30s,6827,0.17763842631140717
40s,5693,0.14813176519567028
50s,4974,0.12942339716902582
60s,2846,0.07405287260616153
70s,1201,0.03125
80s,534,0.013894671107410491
90+,147,0.0038249375520399667
