age_group,count,pop%
<20,781,0.2876611418047882
20s,578,0.2128913443830571
30s,488,0.17974217311233887
40s,328,0.12081031307550645
50s,256,0.09429097605893186
60s,166,0.06114180478821363
70s,68,0.025046040515653775
80s,32,0.011786372007366482
90+,18,0.0066298342541436465
