age_group,count,pop%
<20,2432,0.2915018578448999
30s,1433,0.17176075752127531
20s,1346,0.1613328538894882
40s,1145,0.13724080067122138
50s,868,0.10403931439530145
60s,609,0.07299532542250989
70s,344,0.04123217068200887
80s,125,0.014982620160613688
90+,41,0.00491429941268129
