age_group,count,pop%
20s,3672,0.22654081066074402
<20,3535,0.21808871614535136
30s,2902,0.17903633783700412
40s,2252,0.13893515947930163
50s,1829,0.11283854648651984
60s,1167,0.07199703868221359
70s,514,0.03171077796286014
80s,264,0.01628724782528225
90+,74,0.004565364920723055
