age_group,count,pop%
<20,5537,0.20438522018382488
20s,5448,0.2010999963087372
30s,4428,0.16344911594256395
40s,3964,0.14632165663873611
50s,3625,0.133808275811155
60s,2274,0.0839393156398804
70s,1153,0.04256025986489978
80s,518,0.019120741205566425
90+,144,0.005315418404636226
