age_group,count,pop%
20s,11679,0.21931158807954482
<20,9720,0.18252492817306068
30s,9421,0.17691022102041198
40s,7963,0.1495314817944529
50s,7478,0.14042401367059132
60s,4296,0.08067151146414286
70s,1796,0.033725799485474994
80s,692,0.012994573075695267
90+,208,0.0039058832366251667
