age_group,count,pop%
<20,3924,0.31429715658790547
30s,2059,0.16491790148177812
40s,1776,0.14225070084100921
20s,1555,0.12454945935122147
50s,1340,0.10732879455346415
60s,1049,0.08402082498998799
70s,553,0.044293151782138565
80s,190,0.015218261914297157
90+,39,0.0031237484981978376
