age_group,count,pop%
<20,2618,0.28671558427335453
30s,1438,0.1574854889935385
40s,1313,0.14379586025626984
20s,1291,0.14138648559851058
50s,972,0.10645055306100099
60s,775,0.0848756981710656
70s,404,0.04424488007885226
80s,236,0.0258460190559632
90+,84,0.009199430511444529
