age_group,count,pop%
20s,12712,0.20724510091623463
<20,11413,0.1860673644396622
30s,10022,0.16338974208484136
40s,9171,0.14951579771104373
50s,8863,0.14449444064038605
60s,5464,0.0890801786820568
70s,2534,0.0413120740813199
80s,938,0.015292314715184715
90+,221,0.003602986729270599
