age_group,count,pop%
<20,2939,0.26316260744985676
20s,2527,0.22627148997134672
30s,1989,0.17809813753581663
40s,1492,0.13359598853868196
50s,1076,0.09634670487106017
60s,665,0.05954512893982808
70s,272,0.024355300859598854
80s,152,0.013610315186246419
90+,56,0.00501432664756447
