age_group,count,pop%
20s,4260,0.19959705758328258
30s,3601,0.16872042355807526
50s,3256,0.1525558731199925
40s,3131,0.14669915194677413
<20,2847,0.13339268144122193
60s,2084,0.09764325539989692
70s,1028,0.048165674928548
80s,761,0.03565571850255353
90+,375,0.017570163519655155
