age_group,count,pop%
<20,839,0.2518763134193936
20s,639,0.19183428399879915
30s,510,0.15310717502251575
40s,432,0.12969078354848393
50s,383,0.11498048634043831
60s,290,0.0870609426598619
70s,130,0.03902731912338637
80s,74,0.022215550885619936
90+,34,0.01020714500150105
