age_group,count,pop%
20s,11773,0.21252436999061303
<20,10105,0.18241389269983393
30s,9647,0.17414614773629866
40s,8408,0.15177991190699688
50s,7959,0.14367463354754856
60s,4657,0.08406744169254098
70s,1907,0.03442486822153224
80s,726,0.013105639396346307
90+,214,0.0038630948082894073
