age_group,count,pop%
20s,3610,0.21749608386552596
<20,3051,0.18381732738884202
30s,2700,0.16267020122906375
50s,2370,0.1427882877455115
40s,2281,0.13742619592722013
60s,1446,0.08711892999156524
70s,695,0.04187251476081456
80s,338,0.020363899264971685
90+,107,0.006446559826485118
