age_group,count,pop%
20s,11883,0.21517428700769578
<20,10075,0.18243549117247623
30s,9649,0.17472159348121322
40s,8362,0.15141693073789045
50s,7885,0.14277953825260298
60s,4586,0.08304210049796287
70s,1862,0.03371661385242191
80s,703,0.012729741964689905
90+,220,0.003983703033046628
