age_group,count,pop%
20s,4175,0.20977791176766153
<20,3932,0.19756808360968747
30s,3232,0.1623957391216963
40s,2812,0.14129233242890163
50s,2687,0.13501155662747463
60s,1682,0.0845141191840016
70s,851,0.04275952165611496
80s,424,0.02130439151844036
90+,107,0.005376344086021506
