age_group,count,pop%
20s,4540,0.20419177835747054
<20,4504,0.20257263650265359
30s,3589,0.16141944769272284
40s,3203,0.14405864891607448
50s,2941,0.1322748943060178
60s,1912,0.08599442295583341
70s,969,0.04358190159215616
80s,458,0.02059908248628227
90+,118,0.005307187190788882
