age_group,count,pop%
20s,4537,0.2299427297146622
<20,4165,0.21108914905478687
30s,3556,0.18022401297450713
40s,2758,0.13978004155896812
50s,2280,0.11555420404439715
60s,1396,0.07075160914297299
70s,622,0.03152399777000659
80s,328,0.016623587248492222
90+,89,0.0045106684912067305
