age_group,count,pop%
<20,3658,0.31063179347826086
30s,1941,0.16482676630434784
40s,1676,0.14232336956521738
20s,1446,0.12279211956521739
50s,1268,0.10767663043478261
60s,1006,0.08542798913043478
70s,541,0.04594089673913043
80s,191,0.016219429347826088
90+,49,0.004161005434782609
