age_group,count,pop%
20s,4575,0.1963687870203451
30s,3847,0.16512146965404756
50s,3531,0.15155807365439095
40s,3418,0.14670787192033652
<20,3093,0.1327581766675251
60s,2327,0.09987981801012963
70s,1141,0.04897416087217787
80s,897,0.038501158897759465
90s,469,0.020130483303287837
