age_group,count,pop%
20s,5450,0.23219154737559647
<20,4825,0.20556407634628493
30s,4263,0.181620654396728
40s,3317,0.1413173142467621
50s,2734,0.11647920927062032
60s,1632,0.06952965235173825
70s,756,0.032208588957055216
80s,385,0.016402522154055896
90+,110,0.004686434901158828
