age_group,count,pop%
20s,1234,0.2645230439442658
<20,1130,0.2422293676312969
30s,937,0.20085744908896033
40s,567,0.12154340836012861
50s,391,0.08381564844587353
60s,267,0.057234726688102894
70s,81,0.017363344051446947
80s,40,0.00857449088960343
90+,18,0.0038585209003215433
