age_group,count,pop%
20s,3042,0.22236842105263158
<20,3036,0.2219298245614035
30s,2446,0.17880116959064327
40s,1888,0.13801169590643275
50s,1576,0.1152046783625731
60s,978,0.07149122807017544
70s,438,0.032017543859649125
80s,212,0.015497076023391813
90+,64,0.004678362573099415
