age_group,count,pop%
20s,12844,0.20560598056636092
<20,11454,0.18335494405224992
30s,10358,0.16581024187997245
40s,9395,0.15039459571947686
50s,9222,0.14762522211016665
60s,5569,0.08914821751588788
70s,2465,0.039459571947686053
80s,912,0.014599241223646928
90+,250,0.004001984984552338
