age_group,count,pop%
<20,863,0.2503626341746446
20s,649,0.18827966347548594
30s,546,0.15839860748476936
40s,454,0.13170873223092544
50s,395,0.11459239918769945
60s,291,0.08442123585726719
70s,135,0.0391644908616188
80s,79,0.02291847983753989
90+,35,0.010153756890049319
