age_group,count,pop%
20s,4095,0.19956140350877194
30s,3493,0.170224171539961
50s,3104,0.15126705653021444
40s,3015,0.14692982456140352
<20,2761,0.13455165692007798
60s,2010,0.097953216374269
70s,981,0.04780701754385965
80s,710,0.034600389863547756
90+,351,0.017105263157894738
