age_group,count,pop%
20s,4430,0.20883420544006034
<20,4250,0.2003488426908028
30s,3426,0.16150473766086834
40s,3048,0.14368547588742753
50s,2805,0.13223023617592986
60s,1780,0.08391080940932447
70s,922,0.043463913637863574
80s,442,0.020836279639843493
90+,110,0.005185499457879602
