age_group,count,pop%
<20,2741,0.29243571962018566
30s,1495,0.15950069348127602
40s,1353,0.14435079483623173
20s,1254,0.13378854155553185
50s,1016,0.10839645791102102
60s,787,0.08396457911021017
70s,424,0.04523631708097728
80s,220,0.02347167395711085
90+,83,0.008855222447455458
