age_group,count,pop%
<20,956,0.25554664528201015
20s,733,0.1959369152632986
30s,578,0.1545041432771986
40s,459,0.1226944667201283
50s,444,0.11868484362469928
60s,307,0.08206361935311414
70s,141,0.03769045709703288
80s,86,0.022988505747126436
90+,37,0.009890403635391606
