age_group,count,pop%
<20,1026,0.24318558900213322
20s,869,0.20597297937899978
30s,673,0.1595164730978905
40s,518,0.12277790945721735
50s,502,0.11898554159753497
60s,347,0.08224697795686181
70s,162,0.03839772457928419
80s,90,0.02133206921071344
90+,32,0.007584735719364778
