age_group,count,pop%
20s,4598,0.20432831178065147
<20,4573,0.20321734879793804
30s,3615,0.16064524730035995
40s,3285,0.14598053592854285
50s,2987,0.13273785717459893
60s,1918,0.08523308003377328
70s,967,0.04297204817135493
80s,446,0.01981957961160734
90+,114,0.005065991201173177
