age_group,count,pop%
<20,3062,0.2825765965300849
20s,2276,0.2100406053894426
30s,1981,0.18281653746770027
40s,1387,0.12799926172019196
50s,929,0.0857327427094869
60s,649,0.05989294942783315
70s,344,0.031746031746031744
80s,139,0.012827611664820967
90+,69,0.00636766334440753
