age_group,count,pop%
<20,3189,0.3027627456565081
30s,1685,0.15997341688028102
40s,1512,0.14354884648248362
20s,1346,0.1277888540776607
50s,1167,0.1107946454001709
60s,893,0.08478116396088484
70s,480,0.04557106237539162
80s,202,0.01917782208297731
90+,59,0.005601443083641887
