age_group,count,pop%
<20,648,0.27680478428022215
20s,500,0.21358393848782573
30s,403,0.1721486544211875
40s,291,0.12430585219991457
50s,222,0.09483126868859462
60s,147,0.06279367791542076
70s,74,0.031610422896198205
80s,37,0.015805211448099103
90+,19,0.008116189662537377
