age_group,count,pop%
20s,3486,0.21179901573607146
<20,2917,0.17722826417157786
30s,2705,0.16434777325475425
50s,2377,0.14441946655325355
40s,2311,0.1404095023999028
60s,1464,0.08894829576523483
70s,700,0.04252992283856857
80s,378,0.022966158332827023
90+,121,0.007351600947809709
