age_group,count,pop%
<20,632,0.25139220365950676
20s,550,0.21877486077963404
30s,426,0.16945107398568018
40s,333,0.1324582338902148
50s,252,0.10023866348448687
60s,180,0.07159904534606205
70s,83,0.0330151153540175
80s,39,0.015513126491646777
90+,19,0.007557677008750994
