age_group,count,pop%
20s,3859,0.21145205479452056
<20,3662,0.20065753424657534
30s,2980,0.1632876712328767
40s,2502,0.1370958904109589
50s,2450,0.13424657534246576
60s,1562,0.08558904109589041
70s,770,0.04219178082191781
80s,360,0.019726027397260273
90+,105,0.005753424657534247
