age_group,count,pop%
<20,2254,0.24343881628685604
20s,1918,0.20714980019440543
30s,1631,0.1761529322821039
40s,1213,0.13100766821471002
50s,1061,0.1145912085538395
60s,667,0.07203801706447781
70s,325,0.03510098282751917
80s,146,0.015768441516362457
90+,44,0.004752133059725673
