age_group,count,pop%
20s,9302,0.20854164331352987
<20,8880,0.19908082053581436
30s,7176,0.16087882524380676
40s,6574,0.14738258042820312
50s,6125,0.1373164443448044
60s,3864,0.08662705974666517
70s,1748,0.03918843179015805
80s,747,0.016747001457235736
90+,189,0.004237193139782536
