age_group,count,pop%
20s,3302,0.22213252606794484
<20,3274,0.22024890682811973
30s,2678,0.1801547258661285
40s,2051,0.13797510931718804
50s,1710,0.11503531786074672
60s,1072,0.07211570803901783
70s,469,0.0315506222670703
80s,239,0.016078035654221324
90+,70,0.004709048099562731
