age_group,count,pop%
<20,876,0.27400688145136065
20s,759,0.23741007194244604
30s,591,0.18486080700656865
40s,383,0.1197998123240538
50s,275,0.08601814200813263
60s,195,0.06099468251485768
70s,67,0.020957147325617768
80s,35,0.010947763528307789
90+,16,0.005004691898654989
