age_group,count,pop%
20s,12937,0.20659533695305016
<20,11628,0.18569147237304376
30s,10227,0.16331842861705526
40s,9431,0.15060683487703608
50s,9051,0.1445384861066752
60s,5613,0.08963589907377835
70s,2558,0.04084956882785053
80s,961,0.015346534653465346
90+,214,0.0034174385180453528
