age_group,count,pop%
<20,655,0.24773071104387293
20s,557,0.21066565809379728
30s,422,0.15960665658093798
40s,331,0.1251891074130106
50s,290,0.10968229954614221
60s,218,0.08245083207261725
70s,108,0.04084720121028744
80s,45,0.0170196671709531
90+,18,0.00680786686838124
