age_group,count,pop%
<20,2755,0.2283653846153846
20s,2637,0.2185842175066313
30s,2152,0.1783819628647215
40s,1649,0.13668766578249336
50s,1389,0.11513594164456234
60s,861,0.07136936339522547
70s,391,0.0324104774535809
80s,178,0.014754641909814323
90+,52,0.004310344827586207
