age_group,count,pop%
20s,10737,0.22534472264780575
<20,8746,0.1835582513064831
30s,8491,0.1782063928473986
40s,7081,0.14861376372069596
50s,6475,0.13589522950028332
60s,3759,0.0788926899909753
70s,1546,0.03244695363821437
80s,623,0.013075324784351586
90+,189,0.0039666715637920544
