age_group,count,pop%
<20,1406,0.24898176022666904
20s,1195,0.2116167876748716
30s,968,0.17141845227554453
40s,672,0.1190012395962458
50s,637,0.11280325836727466
60s,428,0.07579245617141846
70s,210,0.03718788737382681
80s,100,0.017708517797060386
90+,31,0.0054896405170887196
