age_group,count,pop%
20s,4749,0.23186212283956645
<20,4287,0.20930573186212284
30s,3722,0.18172053510399375
40s,2864,0.13983009471731275
50s,2359,0.1151742993848257
60s,1422,0.06942681378771605
70s,658,0.03212576896787423
80s,331,0.016160531198125182
90+,90,0.004394102138463041
