age_group,count,pop%
<20,717,0.23923923923923923
20s,597,0.1991991991991992
30s,470,0.15682349015682348
40s,394,0.1314647981314648
50s,337,0.11244577911244578
60s,263,0.08775442108775443
70s,117,0.03903903903903904
80s,68,0.022689356022689355
90+,34,0.011344678011344677
