age_group,count,pop%
20s,4950,0.23086609766335525
<20,4515,0.21057786483839372
30s,3887,0.18128818618534584
40s,3015,0.14061844130404366
50s,2450,0.11426705843943846
60s,1504,0.07014598199710835
70s,678,0.031621659437526234
80s,350,0.01632386549134835
90+,92,0.004290844643440138
