age_group,count,pop%
<20,1014,0.2565789473684211
20s,987,0.24974696356275303
30s,780,0.19736842105263158
40s,481,0.12171052631578948
50s,339,0.08577935222672065
60s,230,0.05819838056680162
70s,69,0.017459514170040488
80s,36,0.009109311740890687
90+,16,0.004048582995951417
