age_group,count,pop%
20s,13085,0.2064401110690395
<20,11667,0.18406853464596742
30s,10388,0.16388994067903573
40s,9545,0.15059005427237157
50s,9214,0.1453679161933611
60s,5713,0.09013315663258867
70s,2579,0.040688501830114854
80s,967,0.015256216079767765
90+,226,0.003565568597753376
