age_group,count,pop%
<20,2633,0.29386160714285714
30s,1572,0.17544642857142856
20s,1553,0.17332589285714287
40s,1204,0.134375
50s,884,0.09866071428571428
60s,621,0.06930803571428572
70s,314,0.03504464285714286
80s,125,0.013950892857142858
90+,54,0.0060267857142857146
