age_group,count,pop%
<20,1135,0.2447703256415786
20s,990,0.21350010782833728
30s,723,0.15591977571705845
50s,568,0.12249299115807634
40s,560,0.12076773776148372
60s,371,0.08000862626698296
70s,180,0.03881820142333405
80s,91,0.019624757386241105
90+,19,0.004097476816907484
