age_group,count,pop%
20s,11494,0.2108294508235812
<20,10507,0.19272533842033823
30s,8727,0.16007557137092338
40s,8077,0.1481529036281595
50s,7724,0.14167797791555084
60s,4746,0.08705381708793426
70s,2170,0.039803367695073186
80s,851,0.015609523460141604
90+,222,0.00407204959829781
