age_group,count,pop%
20s,4298,0.22961854899027673
<20,4001,0.21375146917405705
30s,3376,0.18036114969548028
40s,2587,0.13820921038572498
50s,2123,0.11342023720482958
60s,1337,0.07142857142857142
70s,598,0.03194785767710225
80s,312,0.016668447483705523
90+,86,0.004594507960252164
