age_group,count,pop%
<20,4346,0.31780621572212064
30s,2244,0.16409506398537477
40s,1965,0.1436928702010969
20s,1715,0.12541133455210238
50s,1432,0.10471663619744058
60s,1143,0.08358318098720292
70s,583,0.04263254113345521
80s,200,0.014625228519195612
90+,47,0.003436928702010969
