age_group,count,pop%
<20,7666,0.2047324003845743
20s,7604,0.2030765943809422
30s,6049,0.16154791154791154
40s,5438,0.14523021044760176
50s,5134,0.13711141972011537
60s,3225,0.0861286187373144
70s,1503,0.040139942313855356
80s,638,0.017038777908343124
90+,187,0.00499412455934195
