age_group,count,pop%
20s,12423,0.2100182580470652
<20,10873,0.18381457938869353
30s,10027,0.16951244252096295
40s,8998,0.15211658101163106
50s,8513,0.14391736543143088
60s,5084,0.08594806599945902
70s,2213,0.03741209088450095
80s,793,0.013406140113605625
90+,228,0.003854476602650798
