age_group,count,pop%
<20,5350,0.20496513677112865
20s,5225,0.20017623170638266
30s,4236,0.16228641483411232
40s,3833,0.14684698490537124
50s,3453,0.1322887135085434
60s,2203,0.08439966286108344
70s,1129,0.04325339054478584
80s,523,0.02003677879089725
90+,150,0.005746686077695196
