age_group,count,pop%
<20,663,0.23806104129263914
20s,566,0.20323159784560144
30s,458,0.1644524236983842
40s,345,0.12387791741472172
50s,310,0.11131059245960502
60s,246,0.08833034111310592
70s,111,0.03985637342908438
80s,56,0.020107719928186715
90+,30,0.010771992818671455
