age_group,count,pop%
<20,5823,0.2052737335636479
20s,5542,0.19536785701695633
30s,4653,0.16402862481051927
40s,4192,0.14777734691719252
50s,3838,0.13529805760214333
60s,2470,0.087073007367716
70s,1197,0.04219691895512391
80s,510,0.017978637148799662
90+,142,0.0050058166179010825
