age_group,count,pop%
<20,2924,0.29952878508502356
20s,1810,0.18541282524072936
30s,1752,0.17947141979102643
40s,1254,0.12845728334357714
50s,896,0.09178447039541078
60s,630,0.0645359557467732
70s,305,0.03124359762343782
80s,134,0.013726695349313665
90+,57,0.005838967424708051
