age_group,count,pop%
<20,1881,0.2460431654676259
20s,1577,0.20627861347285809
30s,1325,0.17331589274035317
40s,970,0.12688031393067364
50s,871,0.11393067364290387
60s,578,0.07560497056899934
70s,270,0.03531720078482668
80s,133,0.01739699149771092
90+,40,0.005232177894048398
