age_group,count,pop%
<20,3383,0.3066255778120185
30s,1838,0.16659113568385753
40s,1569,0.14220973443306445
20s,1344,0.1218163690745944
50s,1202,0.10894588960391553
60s,955,0.08655850629928397
70s,506,0.045862412761714856
80s,185,0.016767878183630926
90+,51,0.004622496147919877
