age_group,count,pop%
<20,3060,0.297839205762118
30s,1657,0.16128090325092467
40s,1482,0.14424761533969244
20s,1331,0.12955032119914348
50s,1139,0.11086237103367724
60s,879,0.08555577185127507
70s,464,0.045162546233210046
80s,200,0.019466614755693983
90+,62,0.006034650574265135
