age_group,count,pop%
<20,2795,0.30180326098693444
20s,1648,0.17795054529748408
30s,1611,0.17395529640427598
40s,1210,0.13065543677788577
50s,886,0.09567001403736097
60s,606,0.06543569808875932
70s,299,0.03228593024511392
80s,151,0.016304934672281612
90+,55,0.005938883489903898
