age_group,count,pop%
20s,9225,0.2315628294593102
<20,7534,0.18911591947386916
30s,7114,0.17857322154726643
40s,5869,0.1473216526934083
50s,5196,0.1304282343491139
60s,2969,0.07452683367638938
70s,1227,0.030799738942718008
80s,550,0.013805913951503589
90+,154,0.003865655906421005
