age_group,count,pop%
20s,3757,0.19901472613624324
30s,3230,0.17109863332980188
40s,2785,0.14752622099798707
50s,2770,0.14673164530140906
<20,2653,0.14053395486810044
60s,1867,0.09889818836741181
70s,900,0.04767454179468164
80s,628,0.03326623583006674
90+,288,0.015255853374298125
