age_group,count,pop%
<20,2009,0.27592363686306826
30s,1166,0.16014283752231837
20s,1135,0.15588518060705947
40s,1026,0.14091470951792337
50s,762,0.1046559538524928
60s,632,0.08680126356269743
70s,306,0.042027194066749075
80s,182,0.024996566405713502
90+,63,0.00865265760197775
