age_group,count,pop%
<20,997,0.24659906010388324
20s,836,0.2067771456838981
30s,636,0.15730892901310908
40s,495,0.12243383626020282
50s,477,0.1179816967598318
60s,327,0.08088053425674005
70s,153,0.037843185753153596
80s,89,0.022013356418501114
90+,33,0.008162255750680188
