age_group,count,pop%
<20,3003,0.26291367536333393
20s,2555,0.22369112239537733
30s,2041,0.1786902468919629
40s,1512,0.13237611626685344
50s,1104,0.09665557695675013
60s,694,0.06075993696375416
70s,294,0.0257398003852215
80s,159,0.013920504289966731
90+,60,0.005253020486779898
