age_group,count,pop%
20s,2226,0.3018714401952807
<20,1647,0.22335231895850285
30s,1453,0.19704366693788988
40s,847,0.11486303227556278
50s,627,0.08502847843775427
60s,341,0.0462435584486032
70s,141,0.019121236777868186
80s,64,0.008679142934635205
90+,28,0.003797125033902902
