age_group,count,pop%
<20,847,0.2822392535821393
20s,668,0.22259246917694103
30s,557,0.18560479840053315
40s,365,0.12162612462512495
50s,257,0.08563812062645784
60s,194,0.06464511829390203
70s,65,0.02165944685104965
80s,32,0.010663112295901367
90+,16,0.005331556147950683
