age_group,count,pop%
<20,2935,0.29488596403094547
20s,1970,0.19793027227971466
30s,1836,0.1844669948759168
40s,1256,0.126193107605747
50s,866,0.08700894202752939
60s,595,0.05978097056163971
70s,301,0.030242138048829498
80s,129,0.012960916306641214
90+,65,0.006530694263036271
