age_group,count,pop%
20s,13366,0.20726015289429206
<20,11845,0.1836747352261626
30s,10574,0.16396594768099987
40s,9704,0.1504752748530757
50s,9410,0.14591635782846687
60s,5811,0.09010839057823815
70s,2606,0.040409992401804956
80s,940,0.01457612926235482
90+,233,0.0036130192746049714
