age_group,count,pop%
<20,4583,0.3181313341663196
30s,2333,0.16194641121754824
40s,2060,0.14299597389976398
20s,1846,0.12814105233930306
50s,1514,0.10509509926419547
60s,1209,0.08392336526447314
70s,594,0.04123281965847563
80s,216,0.014993752603082049
90+,51,0.003540191586838817
