age_group,count,pop%
20s,3603,0.2156193895870736
<20,3068,0.18360263315380013
30s,2745,0.16427289048473967
50s,2380,0.1424296828246559
40s,2294,0.13728306403351287
60s,1468,0.08785158587672053
70s,703,0.042070616397366846
80s,338,0.020227408737283063
90+,111,0.006642728904847397
