age_group,count,pop%
<20,2235,0.2792702736473822
30s,1275,0.15931525677870798
20s,1191,0.14881919280269898
40s,1147,0.1433212545295514
50s,842,0.10521054604523304
60s,684,0.0854679495189304
70s,345,0.043108834187179805
80s,212,0.026490066225165563
90+,72,0.008996626265150569
