age_group,count,pop%
<20,5588,0.20502660062373876
20s,5360,0.1966611630893414
30s,4473,0.16411667583929554
40s,4003,0.14687213355347642
50s,3679,0.13498440653091176
60s,2359,0.08655292606861126
70s,1153,0.04230416437350945
80s,502,0.018418638781874885
90+,138,0.005063291139240506
