age_group,count,pop%
20s,1663,0.29098862642169726
<20,1263,0.220997375328084
30s,1160,0.20297462817147857
40s,684,0.11968503937007874
50s,476,0.08328958880139982
60s,290,0.05074365704286964
70s,107,0.018722659667541556
80s,53,0.009273840769903762
90+,19,0.0033245844269466315
