age_group,count,pop%
<20,2732,0.2923175690134817
30s,1487,0.15910549967900706
40s,1343,0.14369783864754976
20s,1277,0.1366359940081318
50s,998,0.10678365075968328
60s,785,0.08399315215065269
70s,415,0.044404023111491546
80s,225,0.024074470361652042
90+,84,0.008987802268350097
