age_group,count,pop%
<20,2751,0.2488016641041874
20s,2719,0.24590756986524373
30s,2029,0.18350366283802116
40s,1413,0.1277923487383558
50s,1055,0.09541466944017364
60s,650,0.058786289228543
70s,251,0.0227005516867143
80s,145,0.01311386452021344
90+,44,0.003979379578547527
