age_group,count,pop%
20s,4727,0.196630615640599
30s,3944,0.16405990016638936
50s,3681,0.1531198003327787
40s,3510,0.14600665557404327
<20,3178,0.1321963394342762
60s,2381,0.0990432612312812
70s,1184,0.049251247920133114
80s,955,0.039725457570715474
90s,480,0.019966722129783693
