age_group,count,pop%
20s,7889,0.23202941176470587
<20,6763,0.19891176470588234
30s,6025,0.17720588235294119
40s,4907,0.1443235294117647
50s,4239,0.12467647058823529
60s,2430,0.07147058823529412
70s,1070,0.03147058823529412
80s,528,0.015529411764705882
90+,149,0.004382352941176471
