age_group,count,pop%
<20,4203,0.3169922316916811
30s,2196,0.16562335017723812
40s,1886,0.14224300475148954
20s,1651,0.12451919450938985
50s,1404,0.10589033863790633
60s,1111,0.08379214118711818
70s,566,0.04268798551926993
80s,198,0.014933252884832944
90+,44,0.0033185006410739876
