age_group,count,pop%
<20,3384,0.3093235831809872
30s,1794,0.1639853747714808
40s,1559,0.14250457038391226
20s,1337,0.12221206581352834
50s,1182,0.10804387568555758
60s,939,0.08583180987202925
70s,497,0.04542961608775137
80s,197,0.0180073126142596
90+,51,0.004661791590493601
