age_group,count,pop%
<20,658,0.27775432672013506
20s,508,0.21443647108484593
30s,403,0.1701139721401435
40s,297,0.1253693541578725
50s,225,0.09497678345293373
60s,148,0.06247361756015196
70s,71,0.0299704516673702
80s,39,0.01646264246517518
90+,20,0.008442380751371888
