age_group,count,pop%
<20,4119,0.3149564153540297
30s,2177,0.1664627618901973
40s,1861,0.1423000458785747
20s,1634,0.12494265178161798
50s,1391,0.10636182902584493
60s,1096,0.0838048631289188
70s,561,0.04289646734974767
80s,196,0.014987001070500076
90+,43,0.0032879645205688944
