age_group,count,pop%
20s,11877,0.21827504456655578
<20,9856,0.18113318508444673
30s,9544,0.1753992612059618
40s,8201,0.15071765938286807
50s,7727,0.14200650579824675
60s,4482,0.08237002186977377
70s,1814,0.0333376215242681
80s,694,0.01275430503739915
90+,218,0.004006395530479849
