age_group,count,pop%
<20,2064,0.27612040133779264
30s,1194,0.1597324414715719
20s,1157,0.15478260869565216
40s,1058,0.14153846153846153
50s,784,0.1048829431438127
60s,648,0.08668896321070234
70s,321,0.04294314381270903
80s,188,0.025150501672240803
90+,61,0.008160535117056856
