age_group,count,pop%
<20,3016,0.2941578074709841
20s,2067,0.20159953184433824
30s,1870,0.18238564322637277
40s,1306,0.12737735296986247
50s,872,0.08504827855261875
60s,615,0.05998244416268409
70s,316,0.030820247732371013
80s,129,0.012581683409733736
90+,62,0.006047010631034819
