age_group,count,pop%
20s,4327,0.19684287144026932
30s,3684,0.16759166590847058
50s,3336,0.15176053134382678
40s,3224,0.14666545355290692
<20,2923,0.13297243198980985
60s,2199,0.10003639341279229
70s,1069,0.04863069784369029
80s,816,0.03712128104813029
90s,404,0.01837867346010372
