age_group,count,pop%
20s,7189,0.23337878197636672
<20,6120,0.1986754966887417
30s,5493,0.17832099727308143
40s,4424,0.14361771198545645
50s,3811,0.12371769900012985
60s,2198,0.07135436956239449
70s,963,0.03126217374366965
80s,475,0.01542007531489417
90+,131,0.00425269445526555
