age_group,count,pop%
20s,3533,0.21265198025761406
<20,3253,0.19579872396773806
30s,2723,0.1638979174190442
40s,2284,0.13747441916456002
50s,2266,0.13639099554592513
60s,1423,0.08565065607319128
70s,715,0.04303599374021909
80s,324,0.01950162513542795
90+,93,0.005597688696280245
