age_group,count,pop%
<20,2639,0.23255199154035955
20s,2461,0.21686640817765246
30s,1989,0.17527317589002467
40s,1548,0.13641170250264364
50s,1308,0.11526260133944308
60s,807,0.0711138526612619
70s,373,0.032869228057807544
80s,173,0.01524497708847374
90+,50,0.0044060627423334504
