age_group,count,pop%
20s,3559,0.20339467367699166
30s,2963,0.16933363813007202
<20,2646,0.15121728197508286
50s,2565,0.1465881815064579
40s,2493,0.14247342553434678
60s,1709,0.09766830494913704
70s,805,0.046005257743742145
80s,541,0.030917819179334782
90+,217,0.012401417304834838
