age_group,count,pop%
20s,1944,0.29829676231394814
<20,1426,0.21881233696486113
30s,1296,0.19886450820929877
40s,776,0.11907319318704926
50s,547,0.08393432560994322
60s,315,0.04833512352309345
70s,127,0.019487494245818627
80s,62,0.00951357986803744
90+,24,0.003682676077949977
