age_group,count,pop%
20s,2711,0.2786800986842105
<20,2291,0.23550575657894737
30s,1826,0.18770559210526316
40s,1162,0.11944901315789473
50s,882,0.09066611842105263
60s,502,0.051603618421052634
70s,203,0.020867598684210526
80s,110,0.011307565789473685
90+,41,0.004214638157894737
