age_group,count,pop%
20s,3980,0.22938159183908707
<20,3735,0.21526136822085182
30s,3129,0.18033542735289032
40s,2413,0.13906979424817015
50s,1953,0.11255835398536107
60s,1229,0.07083165235433116
70s,548,0.03158319405221601
80s,287,0.016540833381361305
90+,77,0.004437784565731082
