age_group,count,pop%
<20,692,0.2791448164582493
20s,518,0.208955223880597
30s,438,0.17668414683340056
40s,313,0.1262605889471561
50s,237,0.09560306575231949
60s,155,0.06252521177894312
70s,70,0.028237192416296894
80s,38,0.015328761597418314
90+,18,0.007260992335619202
