age_group,count,pop%
20s,3467,0.21260808241859325
<20,2958,0.18139449316244557
30s,2681,0.16440792297786228
50s,2348,0.14398724474152205
40s,2254,0.1382228490832158
60s,1442,0.08842828233274054
70s,677,0.04151591341141841
80s,366,0.022444349052554116
90+,114,0.006990862819648004
