age_group,count,pop%
20s,3690,0.21493476234855546
<20,3299,0.19215983224603914
30s,2785,0.16222041006523766
50s,2377,0.13845526561043803
40s,2367,0.13787278657968313
60s,1483,0.0863816402609506
70s,735,0.042812208760484624
80s,335,0.01951304753028891
90+,97,0.005650046598322461
