age_group,count,pop%
<20,3293,0.3049074074074074
30s,1758,0.16277777777777777
40s,1550,0.14351851851851852
20s,1352,0.12518518518518518
50s,1181,0.10935185185185185
60s,911,0.08435185185185186
70s,495,0.04583333333333333
80s,206,0.019074074074074073
90+,54,0.005
