age_group,count,pop%
20s,2652,0.2925860547219771
<20,2060,0.22727272727272727
30s,1738,0.19174757281553398
40s,1051,0.1159532215357458
50s,828,0.09135039717563989
60s,416,0.04589585172109444
70s,197,0.02173433362753751
80s,88,0.009708737864077669
90+,34,0.0037511032656663726
