age_group,count,pop%
20s,2642,0.26542093630701225
<20,2426,0.24372111713883865
30s,1836,0.1844484629294756
40s,1201,0.12065501306007635
50s,925,0.09292746634518786
60s,540,0.054249547920433995
70s,222,0.02230259192284509
80s,121,0.012155917219208359
90+,41,0.0041189471569218405
