age_group,count,pop%
20s,13237,0.2054158907510863
<20,11847,0.18384543761638733
30s,10633,0.16500620732464308
40s,9702,0.1505586592178771
50s,9488,0.14723774053382993
60s,5749,0.08921477343265052
70s,2599,0.04033209186840472
80s,936,0.01452513966480447
90+,249,0.0038640595903165734
