age_group,count,pop%
<20,3061,0.27074119936317
20s,2480,0.2193525561648682
30s,2062,0.1823810366177251
40s,1506,0.13320360870334336
50s,1026,0.09074827525207854
60s,632,0.05589952237749867
70s,335,0.02963028480452857
80s,141,0.01247125420130904
90+,63,0.005572262515478507
