age_group,count,pop%
20s,3967,0.2103839626644039
<20,3726,0.19760288502333476
30s,3079,0.1632901994060246
40s,2659,0.1410161221892236
50s,2531,0.13422783198981755
60s,1589,0.08427025880356386
70s,801,0.04247984726347051
80s,395,0.02094823928722953
90+,109,0.005780653372931693
