age_group,count,pop%
20s,12829,0.2073005203115406
<20,11281,0.18228678537956888
30s,10477,0.16929515560869987
40s,9366,0.15134279158452638
50s,9010,0.14559027889991275
60s,5461,0.08824289823223345
70s,2372,0.038328539572762825
80s,854,0.013799566945674304
90+,236,0.003813463465080955
