age_group,count,pop%
20s,10666,0.22560653171732556
<20,8701,0.1840429807305878
30s,8460,0.17894536455358842
40s,7014,0.1483596674915921
50s,6426,0.13592233009708737
60s,3702,0.07830446094295324
70s,1506,0.031854813122660065
80s,618,0.013071895424836602
90+,184,0.003891955919368826
