age_group,count,pop%
20s,6648,0.23208238785128293
<20,5736,0.20024437074533077
30s,5196,0.1813929132483854
40s,4083,0.14253796474079247
50s,3487,0.12173154128120091
60s,2050,0.07156571827544074
70s,887,0.030965264444056555
80s,442,0.01543026706231454
90+,116,0.004049572351195671
