age_group,count,pop%
<20,1858,0.27768644447765656
20s,1050,0.15692721566283066
30s,1043,0.15588103422507846
40s,931,0.13914213122104319
50s,704,0.10521596173965028
60s,599,0.08952324017336721
70s,296,0.044238529367807505
80s,157,0.023464355103870873
90+,53,0.007921088028695263
