age_group,count,pop%
20s,3756,0.21215544509715317
<20,3440,0.19430637144148216
30s,2924,0.16516041572525983
40s,2440,0.13782196113872572
50s,2431,0.1373136014460009
60s,1518,0.08574333483958428
70s,752,0.042476276547672845
80s,346,0.019543605964753727
90+,97,0.005478987799367375
