age_group,count,pop%
20s,3647,0.19934408308280951
30s,3138,0.17152227384531293
50s,2712,0.14823722328505057
40s,2686,0.14681606996447116
<20,2594,0.1417873735993441
60s,1805,0.09866083629406942
70s,848,0.0463514621481279
80s,600,0.03279584585952446
90+,265,0.01448483192128997
