age_group,count,pop%
<20,2440,0.24344008779806445
20s,2089,0.20842063254514617
30s,1763,0.1758954404868802
40s,1333,0.13299411353886062
50s,1150,0.11473610695400578
60s,721,0.07193455053377232
70s,329,0.032824503641624266
80s,154,0.015364661279058165
90+,44,0.0043899032225880475
