age_group,count,pop%
<20,872,0.24618859401468096
20s,673,0.19000564652738566
30s,559,0.1578204404291361
40s,443,0.12507058159232073
50s,425,0.11998870694522869
60s,302,0.08526256352343309
70s,145,0.0409373235460192
80s,88,0.024844720496894408
90+,35,0.009881422924901186
