age_group,count,pop%
20s,12318,0.21126833033187548
<20,11003,0.18871451848040477
30s,9456,0.16218163107795214
40s,8597,0.14744876082668726
50s,8323,0.14274933539147586
60s,5149,0.08831146556899065
70s,2331,0.0399794185747363
80s,907,0.01555612726181288
90+,221,0.00379041248606466
