age_group,count,pop%
20s,2482,0.29806653056322807
<20,1842,0.22120811816980906
30s,1619,0.19442776510147713
40s,972,0.1167287138225051
50s,751,0.0901885432929026
60s,378,0.0453944998198631
70s,177,0.021256154677554942
80s,78,0.009367119010447941
90+,28,0.0033625555422120814
