age_group,count,pop%
<20,3050,0.27968821641448877
20s,2337,0.21430536451169188
30s,1964,0.18010087116001833
40s,1423,0.13049060064190737
50s,967,0.08867491976157726
60s,623,0.05712975699220541
70s,338,0.030994956441999084
80s,130,0.01192113709307657
90+,73,0.006694176983035305
