age_group,count,pop%
<20,6038,0.20547898587714822
20s,5760,0.19601837672281777
30s,4825,0.1641994214735409
40s,4344,0.1478305257784584
50s,3977,0.13534116045601496
60s,2563,0.0872213714480177
70s,1210,0.04117747149906415
80s,520,0.01769610345414327
90+,148,0.0050365832907946235
