age_group,count,pop%
<20,612,0.2483766233766234
20s,538,0.21834415584415584
30s,410,0.1663961038961039
40s,323,0.13108766233766234
50s,253,0.10267857142857142
60s,182,0.07386363636363637
70s,88,0.03571428571428571
80s,39,0.015827922077922076
90+,19,0.007711038961038961
