age_group,count,pop%
20s,8365,0.23430716226436235
<20,6984,0.19562477241533852
30s,6360,0.17814627041259348
40s,5149,0.14422565194252263
50s,4484,0.12559872272485365
60s,2551,0.07145458110417074
70s,1124,0.03148371194084199
80s,538,0.015069605893392343
90+,146,0.004089521301924316
