age_group,count,pop%
20s,10198,0.20963696912387453
<20,9509,0.19547342021954528
30s,7827,0.16089709328619003
40s,7218,0.14837807836204417
50s,6746,0.1386753278789623
60s,4241,0.08718085762447067
70s,1942,0.039921062368951196
80s,782,0.016075319656292397
90+,183,0.0037618714796694487
