age_group,count,pop%
<20,2559,0.24021402421853
20s,2272,0.21327325635971087
30s,1857,0.174317093776401
40s,1422,0.13348352576738948
50s,1229,0.11536656340936825
60s,775,0.07274946024594012
70s,336,0.03154041115178823
80s,160,0.015019243405613442
90+,43,0.004036421665258612
