age_group,count,pop%
20s,11954,0.21082892416225749
<20,10429,0.18393298059964727
30s,9805,0.17292768959435625
40s,8589,0.1514814814814815
50s,8149,0.14372134038800705
60s,4811,0.08485008818342152
70s,2002,0.03530864197530864
80s,745,0.013139329805996473
90+,216,0.0038095238095238095
