age_group,count,pop%
20s,3444,0.20901863203253018
30s,2779,0.16865934332706198
<20,2572,0.15609637676761545
50s,2419,0.1468107058323724
40s,2295,0.139285064028646
60s,1619,0.09825817806639559
70s,729,0.04424349092674637
80s,447,0.027128724889239546
90+,173,0.010499484129392486
