age_group,count,pop%
<20,2786,0.29127025614218505
30s,1541,0.16110820700470466
40s,1407,0.14709879769994771
20s,1250,0.13068478829064298
50s,1040,0.10872974385781495
60s,812,0.08489283847360167
70s,444,0.046419236800836386
80s,212,0.022164140094093048
90+,73,0.007631991636173549
