age_group,count,pop%
20s,1108,0.25642212450821567
<20,1068,0.24716500809997685
30s,868,0.2008794260587827
40s,533,0.12335107613978245
50s,360,0.0833140476741495
60s,255,0.059014117102522565
70s,73,0.016894237445035872
80s,40,0.009257116408238834
90+,16,0.0037028465632955336
