age_group,count,pop%
20s,3505,0.21522873810254836
<20,2988,0.18348173165489715
30s,2667,0.16377034080442124
50s,2327,0.14289223211544366
40s,2234,0.13718145532698803
60s,1422,0.08731961928154744
70s,679,0.04169481117592877
80s,350,0.021492170709241632
90+,113,0.006938900828983728
