age_group,count,pop%
<20,2115,0.2453880960668291
20s,1760,0.20420002320454808
30s,1499,0.17391808794523728
40s,1120,0.12994546931198514
50s,1000,0.1160227404571296
60s,647,0.07506671307576285
70s,291,0.03376261747302471
80s,143,0.016591251885369532
90+,44,0.005105000580113702
