age_group,count,pop%
<20,668,0.28150021070375053
20s,498,0.20986093552465235
30s,406,0.1710914454277286
40s,295,0.12431521281078803
50s,232,0.09776654024441635
60s,148,0.06236831015592077
70s,71,0.029919932574799833
80s,37,0.015592077538980193
90+,18,0.007585335018963337
