age_group,count,pop%
20s,9678,0.2308517997280729
<20,7875,0.18784438136583737
30s,7475,0.17830307945519167
40s,6194,0.14774706008634877
50s,5507,0.13135987405481478
60s,3158,0.07532857858454786
70s,1295,0.03088996493571548
80s,579,0.013811034515659662
90+,162,0.0038642272738115117
