age_group,count,pop%
<20,2892,0.22427297402093835
20s,2842,0.22039550213260953
30s,2301,0.17844125630089183
40s,1779,0.13796044978673905
50s,1488,0.11539356339666537
60s,924,0.0716556804963164
70s,411,0.03187281892206281
80s,199,0.015432338115548663
90+,59,0.004575416828227995
