age_group,count,pop%
20s,3526,0.2123328917258822
<20,2846,0.17138383716728894
30s,2748,0.16548235577502107
50s,2424,0.14597133566180898
40s,2330,0.14031073106106226
60s,1489,0.08966638564374323
70s,714,0.04299650728652294
80s,395,0.023786583162712274
90+,134,0.008069372515958087
