client_gender,count,pop%
FEMALE,125176,50.56
MALE,120982,48.870000000000005
UNSPECIFIED,1381,0.5599999999999999
GENDER DIVERSE,25,0.01
