client_gender,count,pop%
MALE,288458,49.830000000000005
FEMALE,286399,49.480000000000004
UNSPECIFIED,3978,0.69
GENDER DIVERSE,34,0.01
