client_gender,count,pop%
FEMALE,148595,50.349999999999994
MALE,144955,49.120000000000005
UNSPECIFIED,1540,0.52
GENDER DIVERSE,29,0.01
