client_gender,count,pop%
MALE,268334,49.82
FEMALE,266540,49.480000000000004
UNSPECIFIED,3744,0.7000000000000001
GENDER DIVERSE,33,0.01
