client_gender,count,pop%
FEMALE,170437,50.029999999999994
MALE,168347,49.41
UNSPECIFIED,1876,0.5499999999999999
GENDER DIVERSE,32,0.01
