client_gender,count,pop%
MALE,269057,49.81
FEMALE,267236,49.480000000000004
UNSPECIFIED,3804,0.7000000000000001
GENDER DIVERSE,33,0.01
