client_gender,count,pop%
FEMALE,120275,50.580000000000005
MALE,116156,48.85
UNSPECIFIED,1330,0.5599999999999999
GENDER DIVERSE,25,0.01
