client_gender,count,pop%
MALE,285113,49.830000000000005
FEMALE,283067,49.480000000000004
UNSPECIFIED,3916,0.6799999999999999
GENDER DIVERSE,34,0.01
