client_gender,count,pop%
FEMALE,128860,50.529999999999994
MALE,124680,48.89
UNSPECIFIED,1436,0.5599999999999999
GENDER DIVERSE,26,0.01
