client_gender,count,pop%
MALE,268856,49.82
FEMALE,267023,49.480000000000004
UNSPECIFIED,3771,0.7000000000000001
GENDER DIVERSE,33,0.01
