client_gender,count,pop%
FEMALE,136489,50.519999999999996
MALE,132174,48.92
UNSPECIFIED,1491,0.5499999999999999
GENDER DIVERSE,26,0.01
