client_gender,count,pop%
MALE,272356,49.830000000000005
FEMALE,270485,49.480000000000004
UNSPECIFIED,3747,0.69
GENDER DIVERSE,33,0.01
