client_gender,count,pop%
FEMALE,135506,50.519999999999996
MALE,131206,48.92
UNSPECIFIED,1473,0.5499999999999999
GENDER DIVERSE,26,0.01
