client_gender,count,pop%
MALE,269562,49.81
FEMALE,267767,49.480000000000004
UNSPECIFIED,3818,0.7100000000000001
GENDER DIVERSE,33,0.01
