client_gender,count,pop%
MALE,291188,49.81
FEMALE,289223,49.480000000000004
UNSPECIFIED,4096,0.7000000000000001
GENDER DIVERSE,34,0.01
