client_gender,count,pop%
MALE,266131,49.769999999999996
FEMALE,264366,49.44
UNSPECIFIED,4145,0.7799999999999999
GENDER DIVERSE,33,0.01
