client_gender,count,pop%
MALE,249730,49.730000000000004
FEMALE,248473,49.480000000000004
UNSPECIFIED,3935,0.7799999999999999
GENDER DIVERSE,33,0.01
