client_gender,count,pop%
FEMALE,153182,50.260000000000005
MALE,149992,49.220000000000006
UNSPECIFIED,1553,0.51
GENDER DIVERSE,30,0.01
