client_gender,count,pop%
FEMALE,138150,50.480000000000004
MALE,133928,48.94
UNSPECIFIED,1555,0.5700000000000001
GENDER DIVERSE,27,0.01
