client_gender,count,pop%
MALE,284442,49.830000000000005
FEMALE,282413,49.480000000000004
UNSPECIFIED,3889,0.6799999999999999
GENDER DIVERSE,34,0.01
