client_gender,count,pop%
FEMALE,149104,50.339999999999996
MALE,145485,49.120000000000005
UNSPECIFIED,1555,0.53
GENDER DIVERSE,29,0.01
