client_gender,count,pop%
MALE,283895,49.84
FEMALE,281831,49.480000000000004
UNSPECIFIED,3873,0.6799999999999999
GENDER DIVERSE,34,0.01
