client_gender,count,pop%
FEMALE,137363,50.480000000000004
MALE,133156,48.94
UNSPECIFIED,1551,0.5700000000000001
GENDER DIVERSE,27,0.01
