client_gender,count,pop%
MALE,248357,49.730000000000004
FEMALE,247117,49.480000000000004
UNSPECIFIED,3905,0.7799999999999999
GENDER DIVERSE,33,0.01
