client_gender,count,pop%
FEMALE,130723,50.529999999999994
MALE,126519,48.91
UNSPECIFIED,1431,0.5499999999999999
GENDER DIVERSE,27,0.01
