client_gender,count,pop%
MALE,270497,49.81
FEMALE,268670,49.480000000000004
UNSPECIFIED,3819,0.7000000000000001
GENDER DIVERSE,33,0.01
