client_gender,count,pop%
MALE,267814,49.830000000000005
FEMALE,265949,49.480000000000004
UNSPECIFIED,3691,0.69
GENDER DIVERSE,33,0.01
