client_gender,count,pop%
MALE,272049,49.830000000000005
FEMALE,270130,49.480000000000004
UNSPECIFIED,3761,0.69
GENDER DIVERSE,33,0.01
