client_gender,count,pop%
FEMALE,153766,50.24999999999999
MALE,150633,49.230000000000004
UNSPECIFIED,1578,0.52
GENDER DIVERSE,30,0.01
