client_gender,count,pop%
MALE,291631,49.81
FEMALE,289734,49.480000000000004
UNSPECIFIED,4103,0.7000000000000001
GENDER DIVERSE,34,0.01
