client_gender,count,pop%
MALE,272458,49.830000000000005
FEMALE,270578,49.480000000000004
UNSPECIFIED,3735,0.6799999999999999
GENDER DIVERSE,33,0.01
