client_gender,count,pop%
MALE,270084,49.81
FEMALE,268264,49.480000000000004
UNSPECIFIED,3817,0.7000000000000001
GENDER DIVERSE,33,0.01
