client_gender,count,pop%
MALE,269728,49.81
FEMALE,267931,49.480000000000004
UNSPECIFIED,3833,0.7100000000000001
GENDER DIVERSE,33,0.01
