client_gender,count,pop%
FEMALE,115485,50.580000000000005
MALE,111525,48.85
UNSPECIFIED,1275,0.5599999999999999
GENDER DIVERSE,25,0.01
