client_gender,count,pop%
FEMALE,113790,50.580000000000005
MALE,109824,48.809999999999995
UNSPECIFIED,1345,0.6
GENDER DIVERSE,25,0.01
