client_gender,count,pop%
MALE,233700,49.669999999999995
FEMALE,233165,49.559999999999995
UNSPECIFIED,3567,0.76
GENDER DIVERSE,33,0.01
