client_gender,count,pop%
MALE,269388,49.81
FEMALE,267577,49.480000000000004
UNSPECIFIED,3812,0.7000000000000001
GENDER DIVERSE,33,0.01
