client_gender,count,pop%
FEMALE,196786,49.86
MALE,195615,49.559999999999995
UNSPECIFIED,2245,0.5700000000000001
GENDER DIVERSE,33,0.01
