client_gender,count,pop%
MALE,282638,49.84
FEMALE,280567,49.480000000000004
UNSPECIFIED,3832,0.6799999999999999
GENDER DIVERSE,34,0.01
