client_gender,count,pop%
FEMALE,123863,50.57000000000001
MALE,119682,48.86
UNSPECIFIED,1362,0.5599999999999999
GENDER DIVERSE,25,0.01
