client_gender,count,pop%
MALE,273212,49.84
FEMALE,271270,49.480000000000004
UNSPECIFIED,3702,0.6799999999999999
GENDER DIVERSE,33,0.01
