client_gender,count,pop%
FEMALE,162209,50.13999999999999
MALE,159494,49.3
UNSPECIFIED,1775,0.5499999999999999
GENDER DIVERSE,31,0.01
