client_gender,count,pop%
FEMALE,165560,50.080000000000005
MALE,163175,49.36
UNSPECIFIED,1807,0.5499999999999999
GENDER DIVERSE,31,0.01
