client_gender,count,pop%
FEMALE,171638,50.019999999999996
MALE,169587,49.419999999999995
UNSPECIFIED,1883,0.5499999999999999
GENDER DIVERSE,32,0.01
