client_gender,count,pop%
MALE,285550,49.84
FEMALE,283487,49.480000000000004
UNSPECIFIED,3907,0.6799999999999999
GENDER DIVERSE,34,0.01
