client_gender,count,pop%
MALE,283480,49.84
FEMALE,281454,49.480000000000004
UNSPECIFIED,3854,0.6799999999999999
GENDER DIVERSE,34,0.01
