client_gender,count,pop%
MALE,270356,49.81
FEMALE,268562,49.480000000000004
UNSPECIFIED,3813,0.7000000000000001
GENDER DIVERSE,33,0.01
