client_gender,count,pop%
MALE,269197,49.81
FEMALE,267385,49.480000000000004
UNSPECIFIED,3811,0.7100000000000001
GENDER DIVERSE,33,0.01
