client_gender,count,pop%
MALE,271959,49.830000000000005
FEMALE,270054,49.480000000000004
UNSPECIFIED,3757,0.69
GENDER DIVERSE,33,0.01
