client_gender,count,pop%
FEMALE,169257,50.03999999999999
MALE,167086,49.4
UNSPECIFIED,1864,0.5499999999999999
GENDER DIVERSE,32,0.01
