client_gender,count,pop%
MALE,271848,49.830000000000005
FEMALE,269959,49.480000000000004
UNSPECIFIED,3750,0.69
GENDER DIVERSE,33,0.01
