client_gender,count,pop%
MALE,269927,49.81
FEMALE,268096,49.480000000000004
UNSPECIFIED,3824,0.7100000000000001
GENDER DIVERSE,33,0.01
