client_gender,count,pop%
FEMALE,154242,50.239999999999995
MALE,151142,49.230000000000004
UNSPECIFIED,1583,0.52
GENDER DIVERSE,30,0.01
