client_gender,count,pop%
MALE,283008,49.84
FEMALE,280998,49.480000000000004
UNSPECIFIED,3838,0.6799999999999999
GENDER DIVERSE,34,0.01
