client_gender,count,pop%
MALE,290886,49.82
FEMALE,288924,49.480000000000004
UNSPECIFIED,4084,0.7000000000000001
GENDER DIVERSE,34,0.01
