client_gender,count,pop%
FEMALE,174881,49.980000000000004
MALE,173053,49.46
UNSPECIFIED,1937,0.5499999999999999
GENDER DIVERSE,32,0.01
