client_gender,count,pop%
MALE,290563,49.82
FEMALE,288606,49.480000000000004
UNSPECIFIED,4072,0.7000000000000001
GENDER DIVERSE,34,0.01
