client_gender,count,pop%
MALE,291406,49.81
FEMALE,289469,49.480000000000004
UNSPECIFIED,4098,0.7000000000000001
GENDER DIVERSE,34,0.01
