client_gender,count,pop%
FEMALE,129848,50.529999999999994
MALE,125645,48.9
UNSPECIFIED,1441,0.5599999999999999
GENDER DIVERSE,26,0.01
