client_gender,count,pop%
MALE,268611,49.82
FEMALE,266759,49.480000000000004
UNSPECIFIED,3750,0.7000000000000001
GENDER DIVERSE,33,0.01
