client_gender,count,pop%
FEMALE,166290,50.07
MALE,163979,49.370000000000005
UNSPECIFIED,1819,0.5499999999999999
GENDER DIVERSE,31,0.01
