client_gender,count,pop%
MALE,271739,49.830000000000005
FEMALE,269863,49.480000000000004
UNSPECIFIED,3746,0.69
GENDER DIVERSE,33,0.01
